scenario_id,day_start,day_end,node_id,severity,type,description
SCENARIO_0001,8,17,SUP_MALT_21,0.88,supplier,Supplier disruption affecting SUP_MALT_21 (severity=0.88)
SCENARIO_0002,18,24,SUP_CARTON_BK_01,0.92,transport,Transport disruption affecting SUP_CARTON_BK_01 (severity=0.92)
SCENARIO_0003,6,10,SUP_YEAST_BK_01,0.79,supplier,Supplier disruption affecting SUP_YEAST_BK_01 (severity=0.79)
SCENARIO_0004,23,27,SUP_FRUIT_30,0.38,cyber,Cyber disruption affecting SUP_FRUIT_30 (severity=0.38)
SCENARIO_0005,4,14,SUP_MALT_28,0.62,supplier,Supplier disruption affecting SUP_MALT_28 (severity=0.62)
SCENARIO_0006,21,28,SUP_SUGAR_11,0.9,labor,Labor disruption affecting SUP_SUGAR_11 (severity=0.9)
SCENARIO_0007,2,11,SUP_PACKAGING_22,0.8,labor,Labor disruption affecting SUP_PACKAGING_22 (severity=0.8)
SCENARIO_0008,6,14,SUP_PACKAGING_22,0.77,cyber,Cyber disruption affecting SUP_PACKAGING_22 (severity=0.77)
SCENARIO_0009,15,21,DC_2,0.71,quality,Quality disruption affecting DC_2 (severity=0.71)
SCENARIO_0010,17,21,SUP_HOPS_BK_01,0.71,labor,Labor disruption affecting SUP_HOPS_BK_01 (severity=0.71)
SCENARIO_0011,17,22,SUP_WATER_29,0.55,supplier,Supplier disruption affecting SUP_WATER_29 (severity=0.55)
SCENARIO_0012,19,23,SUP_BOTTLE_BK_01,0.58,labor,Labor disruption affecting SUP_BOTTLE_BK_01 (severity=0.58)
SCENARIO_0013,5,12,PLANT_2,0.69,weather,Weather disruption affecting PLANT_2 (severity=0.69)
SCENARIO_0014,1,5,SUP_PACKAGING_24,0.77,quality,Quality disruption affecting SUP_PACKAGING_24 (severity=0.77)
SCENARIO_0015,2,12,SUP_SUGAR_27,0.52,labor,Labor disruption affecting SUP_SUGAR_27 (severity=0.52)
SCENARIO_0016,23,30,SUP_HOPS_13,0.88,transport,Transport disruption affecting SUP_HOPS_13 (severity=0.88)
SCENARIO_0017,5,14,PLANT_2,0.3,quality,Quality disruption affecting PLANT_2 (severity=0.3)
SCENARIO_0018,12,21,DC_1,0.5,quality,Quality disruption affecting DC_1 (severity=0.5)
SCENARIO_0019,18,26,SUP_YEAST_01,0.78,supplier,Supplier disruption affecting SUP_YEAST_01 (severity=0.78)
SCENARIO_0020,15,20,SUP_MALT_21,0.82,labor,Labor disruption affecting SUP_MALT_21 (severity=0.82)
SCENARIO_0021,7,11,SUP_MALT_21,0.77,supplier,Supplier disruption affecting SUP_MALT_21 (severity=0.77)
SCENARIO_0022,24,30,SUP_FRUIT_26,0.71,labor,Labor disruption affecting SUP_FRUIT_26 (severity=0.71)
SCENARIO_0023,7,13,SUP_YEAST_04,0.79,weather,Weather disruption affecting SUP_YEAST_04 (severity=0.79)
SCENARIO_0024,19,23,SUP_LABEL_BK_01,0.5,transport,Transport disruption affecting SUP_LABEL_BK_01 (severity=0.5)
SCENARIO_0025,13,16,SUP_WATER_29,0.88,supplier,Supplier disruption affecting SUP_WATER_29 (severity=0.88)
SCENARIO_0026,4,14,SUP_CO2_BK_01,0.33,quality,Quality disruption affecting SUP_CO2_BK_01 (severity=0.33)
SCENARIO_0027,12,21,DC_4_BK,0.67,quality,Quality disruption affecting DC_4_BK (severity=0.67)
SCENARIO_0028,11,17,SUP_GAS_09,0.79,transport,Transport disruption affecting SUP_GAS_09 (severity=0.79)
SCENARIO_0029,12,22,SUP_PACK_MISC_BK_01,0.38,transport,Transport disruption affecting SUP_PACK_MISC_BK_01 (severity=0.38)
SCENARIO_0030,10,19,PLANT_2,0.49,weather,Weather disruption affecting PLANT_2 (severity=0.49)
SCENARIO_0031,15,24,SUP_YEAST_BK_01,0.76,supplier,Supplier disruption affecting SUP_YEAST_BK_01 (severity=0.76)
SCENARIO_0032,20,23,SUP_MALT_21,0.92,cyber,Cyber disruption affecting SUP_MALT_21 (severity=0.92)
SCENARIO_0033,3,10,SUP_MALT_07,0.45,cyber,Cyber disruption affecting SUP_MALT_07 (severity=0.45)
SCENARIO_0034,23,30,SUP_PACK_MISC_BK_01,0.68,quality,Quality disruption affecting SUP_PACK_MISC_BK_01 (severity=0.68)
SCENARIO_0035,5,15,SUP_SUGAR_27,0.66,weather,Weather disruption affecting SUP_SUGAR_27 (severity=0.66)
SCENARIO_0036,16,24,PORT_1,0.9,quality,Quality disruption affecting PORT_1 (severity=0.9)
SCENARIO_0037,16,22,SUP_PACKAGING_24,0.42,labor,Labor disruption affecting SUP_PACKAGING_24 (severity=0.42)
SCENARIO_0038,6,14,SUP_YEAST_02,0.71,cyber,Cyber disruption affecting SUP_YEAST_02 (severity=0.71)
SCENARIO_0039,17,22,SUP_FRUIT_BK_01,0.88,transport,Transport disruption affecting SUP_FRUIT_BK_01 (severity=0.88)
SCENARIO_0040,12,21,SUP_BOTTLE_BK_01,0.57,cyber,Cyber disruption affecting SUP_BOTTLE_BK_01 (severity=0.57)
SCENARIO_0041,16,23,SUP_MALT_25,0.52,cyber,Cyber disruption affecting SUP_MALT_25 (severity=0.52)
SCENARIO_0042,3,10,SUP_CARTON_BK_01,0.64,labor,Labor disruption affecting SUP_CARTON_BK_01 (severity=0.64)
SCENARIO_0043,8,14,SUP_MALT_21,0.85,weather,Weather disruption affecting SUP_MALT_21 (severity=0.85)
SCENARIO_0044,18,21,SUP_CO2_BK_01,0.38,transport,Transport disruption affecting SUP_CO2_BK_01 (severity=0.38)
SCENARIO_0045,20,30,SUP_MALT_28,0.55,quality,Quality disruption affecting SUP_MALT_28 (severity=0.55)
SCENARIO_0046,2,8,SUP_YEAST_04,0.42,weather,Weather disruption affecting SUP_YEAST_04 (severity=0.42)
SCENARIO_0047,4,8,SUP_HOPS_03,0.94,transport,Transport disruption affecting SUP_HOPS_03 (severity=0.94)
SCENARIO_0048,18,24,SUP_MALT_25,0.48,quality,Quality disruption affecting SUP_MALT_25 (severity=0.48)
SCENARIO_0049,23,27,SUP_WATER_29,0.3,transport,Transport disruption affecting SUP_WATER_29 (severity=0.3)
SCENARIO_0050,24,30,DC_3,0.91,weather,Weather disruption affecting DC_3 (severity=0.91)
SCENARIO_0051,15,20,WH_3_BK,0.8,labor,Labor disruption affecting WH_3_BK (severity=0.8)
SCENARIO_0052,18,23,SUP_HOPS_13,0.41,quality,Quality disruption affecting SUP_HOPS_13 (severity=0.41)
SCENARIO_0053,4,8,SUP_BOTTLE_BK_01,0.93,weather,Weather disruption affecting SUP_BOTTLE_BK_01 (severity=0.93)
SCENARIO_0054,24,28,SUP_PACKAGING_05,0.87,quality,Quality disruption affecting SUP_PACKAGING_05 (severity=0.87)
SCENARIO_0055,17,23,SUP_HOPS_BK_01,0.62,transport,Transport disruption affecting SUP_HOPS_BK_01 (severity=0.62)
SCENARIO_0056,17,22,SUP_HOPS_23,0.85,quality,Quality disruption affecting SUP_HOPS_23 (severity=0.85)
SCENARIO_0057,8,12,SUP_FRUIT_16,0.94,quality,Quality disruption affecting SUP_FRUIT_16 (severity=0.94)
SCENARIO_0058,9,14,SUP_SUGAR_27,0.38,supplier,Supplier disruption affecting SUP_SUGAR_27 (severity=0.38)
SCENARIO_0059,9,12,WH_2,0.57,transport,Transport disruption affecting WH_2 (severity=0.57)
SCENARIO_0060,6,15,SUP_HOPS_14,0.93,labor,Labor disruption affecting SUP_HOPS_14 (severity=0.93)
SCENARIO_0061,22,30,SUP_PACK_MISC_BK_01,0.77,supplier,Supplier disruption affecting SUP_PACK_MISC_BK_01 (severity=0.77)
SCENARIO_0062,13,16,SUP_GAS_09,0.6,cyber,Cyber disruption affecting SUP_GAS_09 (severity=0.6)
SCENARIO_0063,3,10,SUP_CARTON_BK_01,0.65,quality,Quality disruption affecting SUP_CARTON_BK_01 (severity=0.65)
SCENARIO_0064,11,15,WH_1,0.52,cyber,Cyber disruption affecting WH_1 (severity=0.52)
SCENARIO_0065,15,19,SUP_HOPS_08,0.77,weather,Weather disruption affecting SUP_HOPS_08 (severity=0.77)
SCENARIO_0066,4,9,PLANT_1,0.74,weather,Weather disruption affecting PLANT_1 (severity=0.74)
SCENARIO_0067,20,29,SUP_YEAST_01,0.4,quality,Quality disruption affecting SUP_YEAST_01 (severity=0.4)
SCENARIO_0068,15,20,SUP_HOPS_BK_01,0.66,supplier,Supplier disruption affecting SUP_HOPS_BK_01 (severity=0.66)
SCENARIO_0069,7,16,SUP_MALT_21,0.8,weather,Weather disruption affecting SUP_MALT_21 (severity=0.8)
SCENARIO_0070,3,6,SUP_CARTON_BK_01,0.5,quality,Quality disruption affecting SUP_CARTON_BK_01 (severity=0.5)
SCENARIO_0071,15,21,SUP_FRUIT_26,0.31,transport,Transport disruption affecting SUP_FRUIT_26 (severity=0.31)
SCENARIO_0072,5,9,WH_2,0.73,quality,Quality disruption affecting WH_2 (severity=0.73)
SCENARIO_0073,20,25,SUP_LABEL_BK_01,0.88,quality,Quality disruption affecting SUP_LABEL_BK_01 (severity=0.88)
SCENARIO_0074,14,23,SUP_HOPS_23,0.63,quality,Quality disruption affecting SUP_HOPS_23 (severity=0.63)
SCENARIO_0075,9,17,SUP_SUGAR_27,0.67,weather,Weather disruption affecting SUP_SUGAR_27 (severity=0.67)
SCENARIO_0076,20,27,SUP_MALT_BK_01,0.32,quality,Quality disruption affecting SUP_MALT_BK_01 (severity=0.32)
SCENARIO_0077,10,13,SUP_HOPS_BK_02,0.84,quality,Quality disruption affecting SUP_HOPS_BK_02 (severity=0.84)
SCENARIO_0078,6,11,SUP_HOPS_13,0.62,transport,Transport disruption affecting SUP_HOPS_13 (severity=0.62)
SCENARIO_0079,5,10,SUP_YEAST_BK_01,0.73,weather,Weather disruption affecting SUP_YEAST_BK_01 (severity=0.73)
SCENARIO_0080,12,22,SUP_HOPS_13,0.49,quality,Quality disruption affecting SUP_HOPS_13 (severity=0.49)
SCENARIO_0081,20,23,PLANT_1,0.7,transport,Transport disruption affecting PLANT_1 (severity=0.7)
SCENARIO_0082,6,9,SUP_WATER_29,0.77,quality,Quality disruption affecting SUP_WATER_29 (severity=0.77)
SCENARIO_0083,18,28,SUP_WATER_10,0.53,quality,Quality disruption affecting SUP_WATER_10 (severity=0.53)
SCENARIO_0084,7,16,SUP_PACKAGING_12,0.5,weather,Weather disruption affecting SUP_PACKAGING_12 (severity=0.5)
SCENARIO_0085,11,20,SUP_PACKAGING_12,0.82,weather,Weather disruption affecting SUP_PACKAGING_12 (severity=0.82)
SCENARIO_0086,17,20,DC_3,0.82,weather,Weather disruption affecting DC_3 (severity=0.82)
SCENARIO_0087,6,14,SUP_MALT_BK_01,0.76,cyber,Cyber disruption affecting SUP_MALT_BK_01 (severity=0.76)
SCENARIO_0088,11,14,SUP_MALT_25,0.79,quality,Quality disruption affecting SUP_MALT_25 (severity=0.79)
SCENARIO_0089,2,11,SUP_FRUIT_16,0.33,cyber,Cyber disruption affecting SUP_FRUIT_16 (severity=0.33)
SCENARIO_0090,10,18,SUP_PACK_MISC_BK_01,0.78,transport,Transport disruption affecting SUP_PACK_MISC_BK_01 (severity=0.78)
SCENARIO_0091,12,17,SUP_GAS_09,0.67,weather,Weather disruption affecting SUP_GAS_09 (severity=0.67)
SCENARIO_0092,19,22,WH_3_BK,0.31,cyber,Cyber disruption affecting WH_3_BK (severity=0.31)
SCENARIO_0093,14,18,SUP_PACKAGING_06,0.75,supplier,Supplier disruption affecting SUP_PACKAGING_06 (severity=0.75)
SCENARIO_0094,21,24,SUP_YEAST_BK_01,0.38,supplier,Supplier disruption affecting SUP_YEAST_BK_01 (severity=0.38)
SCENARIO_0095,17,26,SUP_LABEL_BK_01,0.37,cyber,Cyber disruption affecting SUP_LABEL_BK_01 (severity=0.37)
SCENARIO_0096,23,30,SUP_HOPS_14,0.31,quality,Quality disruption affecting SUP_HOPS_14 (severity=0.31)
SCENARIO_0097,20,23,SUP_WATER_10,0.59,supplier,Supplier disruption affecting SUP_WATER_10 (severity=0.59)
SCENARIO_0098,19,24,SUP_GAS_18,0.63,transport,Transport disruption affecting SUP_GAS_18 (severity=0.63)
SCENARIO_0099,17,21,SUP_WATER_10,0.85,cyber,Cyber disruption affecting SUP_WATER_10 (severity=0.85)
SCENARIO_0100,18,27,SUP_PACKAGING_05,0.66,supplier,Supplier disruption affecting SUP_PACKAGING_05 (severity=0.66)
SCENARIO_0101,5,10,SUP_PACKAGING_22,0.54,labor,Labor disruption affecting SUP_PACKAGING_22 (severity=0.54)
SCENARIO_0102,22,29,DC_1,0.69,quality,Quality disruption affecting DC_1 (severity=0.69)
SCENARIO_0103,4,10,SUP_MALT_21,0.35,cyber,Cyber disruption affecting SUP_MALT_21 (severity=0.35)
SCENARIO_0104,13,19,SUP_FRUIT_16,0.33,cyber,Cyber disruption affecting SUP_FRUIT_16 (severity=0.33)
SCENARIO_0105,13,18,WH_1,0.82,weather,Weather disruption affecting WH_1 (severity=0.82)
SCENARIO_0106,1,11,SUP_HOPS_15,0.83,cyber,Cyber disruption affecting SUP_HOPS_15 (severity=0.83)
SCENARIO_0107,7,11,SUP_PACKAGING_22,0.51,supplier,Supplier disruption affecting SUP_PACKAGING_22 (severity=0.51)
SCENARIO_0108,23,28,SUP_MALT_07,0.51,supplier,Supplier disruption affecting SUP_MALT_07 (severity=0.51)
SCENARIO_0109,18,21,SUP_FRUIT_16,0.49,labor,Labor disruption affecting SUP_FRUIT_16 (severity=0.49)
SCENARIO_0110,4,7,SUP_YEAST_01,0.38,weather,Weather disruption affecting SUP_YEAST_01 (severity=0.38)
SCENARIO_0111,17,26,SUP_CO2_BK_01,0.91,supplier,Supplier disruption affecting SUP_CO2_BK_01 (severity=0.91)
SCENARIO_0112,10,13,SUP_FRUIT_BK_01,0.85,labor,Labor disruption affecting SUP_FRUIT_BK_01 (severity=0.85)
SCENARIO_0113,22,25,SUP_HOPS_03,0.77,weather,Weather disruption affecting SUP_HOPS_03 (severity=0.77)
SCENARIO_0114,3,13,SUP_YEAST_17,0.57,transport,Transport disruption affecting SUP_YEAST_17 (severity=0.57)
SCENARIO_0115,1,5,SUP_GAS_09,0.37,supplier,Supplier disruption affecting SUP_GAS_09 (severity=0.37)
SCENARIO_0116,5,11,PLANT_1,0.46,supplier,Supplier disruption affecting PLANT_1 (severity=0.46)
SCENARIO_0117,17,20,SUP_HOPS_14,0.91,labor,Labor disruption affecting SUP_HOPS_14 (severity=0.91)
SCENARIO_0118,2,11,SUP_GAS_09,0.92,supplier,Supplier disruption affecting SUP_GAS_09 (severity=0.92)
SCENARIO_0119,9,19,SUP_YEAST_BK_01,0.76,weather,Weather disruption affecting SUP_YEAST_BK_01 (severity=0.76)
SCENARIO_0120,12,21,WH_2,0.57,supplier,Supplier disruption affecting WH_2 (severity=0.57)
SCENARIO_0121,15,18,SUP_FRUIT_16,0.6,transport,Transport disruption affecting SUP_FRUIT_16 (severity=0.6)
SCENARIO_0122,16,25,SUP_MALT_21,0.91,labor,Labor disruption affecting SUP_MALT_21 (severity=0.91)
SCENARIO_0123,13,21,SUP_FRUIT_19,0.42,supplier,Supplier disruption affecting SUP_FRUIT_19 (severity=0.42)
SCENARIO_0124,8,13,SUP_MALT_25,0.71,weather,Weather disruption affecting SUP_MALT_25 (severity=0.71)
SCENARIO_0125,22,30,SUP_HOPS_14,0.36,labor,Labor disruption affecting SUP_HOPS_14 (severity=0.36)
SCENARIO_0126,22,30,SUP_YEAST_02,0.72,labor,Labor disruption affecting SUP_YEAST_02 (severity=0.72)
SCENARIO_0127,18,28,SUP_SUGAR_BK_01,0.79,weather,Weather disruption affecting SUP_SUGAR_BK_01 (severity=0.79)
SCENARIO_0128,12,20,SUP_HOPS_03,0.59,transport,Transport disruption affecting SUP_HOPS_03 (severity=0.59)
SCENARIO_0129,12,20,PLANT_2,0.38,quality,Quality disruption affecting PLANT_2 (severity=0.38)
SCENARIO_0130,15,23,SUP_HOPS_14,0.85,supplier,Supplier disruption affecting SUP_HOPS_14 (severity=0.85)
SCENARIO_0131,3,6,SUP_FRUIT_30,0.66,quality,Quality disruption affecting SUP_FRUIT_30 (severity=0.66)
SCENARIO_0132,2,8,SUP_YEAST_01,0.45,labor,Labor disruption affecting SUP_YEAST_01 (severity=0.45)
SCENARIO_0133,10,17,PORT_1,0.65,cyber,Cyber disruption affecting PORT_1 (severity=0.65)
SCENARIO_0134,15,24,SUP_MALT_07,0.88,transport,Transport disruption affecting SUP_MALT_07 (severity=0.88)
SCENARIO_0135,4,12,PLANT_1,0.84,weather,Weather disruption affecting PLANT_1 (severity=0.84)
SCENARIO_0136,12,22,SUP_HOPS_08,0.72,weather,Weather disruption affecting SUP_HOPS_08 (severity=0.72)
SCENARIO_0137,4,10,SUP_SUGAR_27,0.77,transport,Transport disruption affecting SUP_SUGAR_27 (severity=0.77)
SCENARIO_0138,13,21,SUP_PACKAGING_05,0.57,cyber,Cyber disruption affecting SUP_PACKAGING_05 (severity=0.57)
SCENARIO_0139,12,17,SUP_CARTON_BK_01,0.63,supplier,Supplier disruption affecting SUP_CARTON_BK_01 (severity=0.63)
SCENARIO_0140,11,21,SUP_HOPS_BK_02,0.54,cyber,Cyber disruption affecting SUP_HOPS_BK_02 (severity=0.54)
SCENARIO_0141,20,27,SUP_FRUIT_26,0.7,labor,Labor disruption affecting SUP_FRUIT_26 (severity=0.7)
SCENARIO_0142,15,22,SUP_HOPS_14,0.5,labor,Labor disruption affecting SUP_HOPS_14 (severity=0.5)
SCENARIO_0143,17,22,SUP_MALT_21,0.57,weather,Weather disruption affecting SUP_MALT_21 (severity=0.57)
SCENARIO_0144,17,22,SUP_WATER_29,0.92,transport,Transport disruption affecting SUP_WATER_29 (severity=0.92)
SCENARIO_0145,2,8,SUP_YEAST_04,0.81,quality,Quality disruption affecting SUP_YEAST_04 (severity=0.81)
SCENARIO_0146,20,26,SUP_CARTON_BK_01,0.43,labor,Labor disruption affecting SUP_CARTON_BK_01 (severity=0.43)
SCENARIO_0147,22,27,SUP_CO2_BK_01,0.84,cyber,Cyber disruption affecting SUP_CO2_BK_01 (severity=0.84)
SCENARIO_0148,12,17,SUP_FRUIT_30,0.42,cyber,Cyber disruption affecting SUP_FRUIT_30 (severity=0.42)
SCENARIO_0149,22,29,SUP_CARTON_BK_01,0.77,weather,Weather disruption affecting SUP_CARTON_BK_01 (severity=0.77)
SCENARIO_0150,13,17,SUP_MALT_BK_01,0.68,supplier,Supplier disruption affecting SUP_MALT_BK_01 (severity=0.68)
SCENARIO_0151,5,14,SUP_HOPS_13,0.79,cyber,Cyber disruption affecting SUP_HOPS_13 (severity=0.79)
SCENARIO_0152,1,9,SUP_LABEL_BK_01,0.71,transport,Transport disruption affecting SUP_LABEL_BK_01 (severity=0.71)
SCENARIO_0153,5,11,SUP_SUGAR_11,0.83,transport,Transport disruption affecting SUP_SUGAR_11 (severity=0.83)
SCENARIO_0154,20,29,SUP_HOPS_08,0.34,cyber,Cyber disruption affecting SUP_HOPS_08 (severity=0.34)
SCENARIO_0155,2,12,SUP_SUGAR_BK_01,0.71,quality,Quality disruption affecting SUP_SUGAR_BK_01 (severity=0.71)
SCENARIO_0156,7,17,SUP_YEAST_01,0.47,cyber,Cyber disruption affecting SUP_YEAST_01 (severity=0.47)
SCENARIO_0157,9,18,SUP_CO2_BK_01,0.81,weather,Weather disruption affecting SUP_CO2_BK_01 (severity=0.81)
SCENARIO_0158,6,10,SUP_PACKAGING_05,0.36,transport,Transport disruption affecting SUP_PACKAGING_05 (severity=0.36)
SCENARIO_0159,8,15,DC_1,0.65,quality,Quality disruption affecting DC_1 (severity=0.65)
SCENARIO_0160,18,27,SUP_LABEL_BK_01,0.87,transport,Transport disruption affecting SUP_LABEL_BK_01 (severity=0.87)
SCENARIO_0161,1,7,SUP_FRUIT_BK_01,0.81,weather,Weather disruption affecting SUP_FRUIT_BK_01 (severity=0.81)
SCENARIO_0162,11,15,SUP_PACKAGING_22,0.57,quality,Quality disruption affecting SUP_PACKAGING_22 (severity=0.57)
SCENARIO_0163,10,19,SUP_HOPS_13,0.51,labor,Labor disruption affecting SUP_HOPS_13 (severity=0.51)
SCENARIO_0164,13,20,WH_1,0.44,labor,Labor disruption affecting WH_1 (severity=0.44)
SCENARIO_0165,2,5,PORT_1,0.62,weather,Weather disruption affecting PORT_1 (severity=0.62)
SCENARIO_0166,6,12,SUP_PACKAGING_12,0.45,labor,Labor disruption affecting SUP_PACKAGING_12 (severity=0.45)
SCENARIO_0167,14,20,DC_3,0.84,quality,Quality disruption affecting DC_3 (severity=0.84)
SCENARIO_0168,7,15,SUP_MALT_20,0.46,labor,Labor disruption affecting SUP_MALT_20 (severity=0.46)
SCENARIO_0169,2,9,SUP_HOPS_03,0.55,weather,Weather disruption affecting SUP_HOPS_03 (severity=0.55)
SCENARIO_0170,18,23,SUP_MALT_BK_01,0.79,cyber,Cyber disruption affecting SUP_MALT_BK_01 (severity=0.79)
SCENARIO_0171,2,6,SUP_SUGAR_27,0.61,labor,Labor disruption affecting SUP_SUGAR_27 (severity=0.61)
SCENARIO_0172,5,8,SUP_FRUIT_BK_01,0.32,transport,Transport disruption affecting SUP_FRUIT_BK_01 (severity=0.32)
SCENARIO_0173,23,26,WH_1,0.38,cyber,Cyber disruption affecting WH_1 (severity=0.38)
SCENARIO_0174,20,24,SUP_FRUIT_BK_01,0.8,weather,Weather disruption affecting SUP_FRUIT_BK_01 (severity=0.8)
SCENARIO_0175,18,25,DC_2,0.82,quality,Quality disruption affecting DC_2 (severity=0.82)
SCENARIO_0176,21,26,SUP_YEAST_17,0.55,weather,Weather disruption affecting SUP_YEAST_17 (severity=0.55)
SCENARIO_0177,16,20,WH_2,0.32,labor,Labor disruption affecting WH_2 (severity=0.32)
SCENARIO_0178,22,25,SUP_MALT_28,0.44,quality,Quality disruption affecting SUP_MALT_28 (severity=0.44)
SCENARIO_0179,12,20,SUP_HOPS_BK_01,0.59,transport,Transport disruption affecting SUP_HOPS_BK_01 (severity=0.59)
SCENARIO_0180,23,30,SUP_YEAST_02,0.6,supplier,Supplier disruption affecting SUP_YEAST_02 (severity=0.6)
SCENARIO_0181,16,22,SUP_GAS_09,0.62,transport,Transport disruption affecting SUP_GAS_09 (severity=0.62)
SCENARIO_0182,10,20,SUP_MALT_BK_01,0.74,quality,Quality disruption affecting SUP_MALT_BK_01 (severity=0.74)
SCENARIO_0183,6,16,SUP_PACKAGING_05,0.48,transport,Transport disruption affecting SUP_PACKAGING_05 (severity=0.48)
SCENARIO_0184,12,19,SUP_MALT_28,0.88,quality,Quality disruption affecting SUP_MALT_28 (severity=0.88)
SCENARIO_0185,5,10,SUP_HOPS_15,0.42,labor,Labor disruption affecting SUP_HOPS_15 (severity=0.42)
SCENARIO_0186,20,29,SUP_WATER_10,0.59,weather,Weather disruption affecting SUP_WATER_10 (severity=0.59)
SCENARIO_0187,3,10,SUP_MALT_20,0.71,weather,Weather disruption affecting SUP_MALT_20 (severity=0.71)
SCENARIO_0188,7,11,DC_4_BK,0.33,transport,Transport disruption affecting DC_4_BK (severity=0.33)
SCENARIO_0189,20,29,SUP_SUGAR_27,0.35,quality,Quality disruption affecting SUP_SUGAR_27 (severity=0.35)
SCENARIO_0190,22,30,SUP_YEAST_02,0.34,quality,Quality disruption affecting SUP_YEAST_02 (severity=0.34)
SCENARIO_0191,16,20,SUP_HOPS_BK_01,0.63,supplier,Supplier disruption affecting SUP_HOPS_BK_01 (severity=0.63)
SCENARIO_0192,16,21,SUP_YEAST_17,0.45,labor,Labor disruption affecting SUP_YEAST_17 (severity=0.45)
SCENARIO_0193,10,19,SUP_PACKAGING_05,0.62,supplier,Supplier disruption affecting SUP_PACKAGING_05 (severity=0.62)
SCENARIO_0194,20,28,SUP_HOPS_BK_02,0.71,supplier,Supplier disruption affecting SUP_HOPS_BK_02 (severity=0.71)
SCENARIO_0195,12,17,PLANT_2,0.87,supplier,Supplier disruption affecting PLANT_2 (severity=0.87)
SCENARIO_0196,14,20,SUP_YEAST_01,0.42,quality,Quality disruption affecting SUP_YEAST_01 (severity=0.42)
SCENARIO_0197,11,21,SUP_HOPS_15,0.42,cyber,Cyber disruption affecting SUP_HOPS_15 (severity=0.42)
SCENARIO_0198,14,22,WH_2,0.72,transport,Transport disruption affecting WH_2 (severity=0.72)
SCENARIO_0199,11,18,SUP_PACKAGING_05,0.86,cyber,Cyber disruption affecting SUP_PACKAGING_05 (severity=0.86)
SCENARIO_0200,19,28,WH_2,0.82,weather,Weather disruption affecting WH_2 (severity=0.82)
SCENARIO_0201,3,10,SUP_CAN_BK_01,0.74,transport,Transport disruption affecting SUP_CAN_BK_01 (severity=0.74)
SCENARIO_0202,2,12,PORT_1,0.59,cyber,Cyber disruption affecting PORT_1 (severity=0.59)
SCENARIO_0203,2,11,SUP_MALT_BK_01,0.93,cyber,Cyber disruption affecting SUP_MALT_BK_01 (severity=0.93)
SCENARIO_0204,24,27,SUP_PACKAGING_22,0.62,supplier,Supplier disruption affecting SUP_PACKAGING_22 (severity=0.62)
SCENARIO_0205,13,20,SUP_CARTON_BK_01,0.93,cyber,Cyber disruption affecting SUP_CARTON_BK_01 (severity=0.93)
SCENARIO_0206,17,23,SUP_SUGAR_11,0.75,quality,Quality disruption affecting SUP_SUGAR_11 (severity=0.75)
SCENARIO_0207,9,13,SUP_CO2_BK_01,0.82,quality,Quality disruption affecting SUP_CO2_BK_01 (severity=0.82)
SCENARIO_0208,19,24,WH_3_BK,0.67,labor,Labor disruption affecting WH_3_BK (severity=0.67)
SCENARIO_0209,22,29,SUP_HOPS_BK_01,0.75,cyber,Cyber disruption affecting SUP_HOPS_BK_01 (severity=0.75)
SCENARIO_0210,14,18,SUP_SUGAR_BK_01,0.72,quality,Quality disruption affecting SUP_SUGAR_BK_01 (severity=0.72)
SCENARIO_0211,14,22,SUP_CAN_BK_01,0.79,labor,Labor disruption affecting SUP_CAN_BK_01 (severity=0.79)
SCENARIO_0212,17,21,SUP_HOPS_08,0.94,transport,Transport disruption affecting SUP_HOPS_08 (severity=0.94)
SCENARIO_0213,21,30,SUP_FRUIT_BK_01,0.7,labor,Labor disruption affecting SUP_FRUIT_BK_01 (severity=0.7)
SCENARIO_0214,7,17,SUP_PACK_MISC_BK_01,0.62,cyber,Cyber disruption affecting SUP_PACK_MISC_BK_01 (severity=0.62)
SCENARIO_0215,3,6,SUP_PACK_MISC_BK_01,0.58,supplier,Supplier disruption affecting SUP_PACK_MISC_BK_01 (severity=0.58)
SCENARIO_0216,5,15,SUP_HOPS_BK_02,0.76,weather,Weather disruption affecting SUP_HOPS_BK_02 (severity=0.76)
SCENARIO_0217,10,13,SUP_CARTON_BK_01,0.91,labor,Labor disruption affecting SUP_CARTON_BK_01 (severity=0.91)
SCENARIO_0218,21,28,SUP_FRUIT_26,0.76,quality,Quality disruption affecting SUP_FRUIT_26 (severity=0.76)
SCENARIO_0219,4,14,WH_1,0.58,quality,Quality disruption affecting WH_1 (severity=0.58)
SCENARIO_0220,1,6,SUP_YEAST_BK_01,0.85,cyber,Cyber disruption affecting SUP_YEAST_BK_01 (severity=0.85)
SCENARIO_0221,10,16,SUP_WATER_29,0.52,cyber,Cyber disruption affecting SUP_WATER_29 (severity=0.52)
SCENARIO_0222,3,13,SUP_MALT_21,0.9,supplier,Supplier disruption affecting SUP_MALT_21 (severity=0.9)
SCENARIO_0223,16,19,PORT_1,0.64,supplier,Supplier disruption affecting PORT_1 (severity=0.64)
SCENARIO_0224,2,8,SUP_LABEL_BK_01,0.42,weather,Weather disruption affecting SUP_LABEL_BK_01 (severity=0.42)
SCENARIO_0225,8,18,SUP_LABEL_BK_01,0.7,supplier,Supplier disruption affecting SUP_LABEL_BK_01 (severity=0.7)
SCENARIO_0226,10,14,PLANT_2,0.9,quality,Quality disruption affecting PLANT_2 (severity=0.9)
SCENARIO_0227,13,19,SUP_FRUIT_19,0.33,cyber,Cyber disruption affecting SUP_FRUIT_19 (severity=0.33)
SCENARIO_0228,11,14,SUP_GAS_09,0.44,supplier,Supplier disruption affecting SUP_GAS_09 (severity=0.44)
SCENARIO_0229,12,18,SUP_WATER_10,0.92,supplier,Supplier disruption affecting SUP_WATER_10 (severity=0.92)
SCENARIO_0230,2,11,SUP_FRUIT_26,0.63,weather,Weather disruption affecting SUP_FRUIT_26 (severity=0.63)
SCENARIO_0231,1,5,SUP_SUGAR_27,0.72,quality,Quality disruption affecting SUP_SUGAR_27 (severity=0.72)
SCENARIO_0232,18,22,SUP_SUGAR_BK_01,0.41,cyber,Cyber disruption affecting SUP_SUGAR_BK_01 (severity=0.41)
SCENARIO_0233,10,16,SUP_PACK_MISC_BK_01,0.33,supplier,Supplier disruption affecting SUP_PACK_MISC_BK_01 (severity=0.33)
SCENARIO_0234,13,23,WH_2,0.41,supplier,Supplier disruption affecting WH_2 (severity=0.41)
SCENARIO_0235,4,13,SUP_FRUIT_26,0.42,transport,Transport disruption affecting SUP_FRUIT_26 (severity=0.42)
SCENARIO_0236,5,13,DC_3,0.42,labor,Labor disruption affecting DC_3 (severity=0.42)
SCENARIO_0237,7,11,SUP_PACKAGING_06,0.47,quality,Quality disruption affecting SUP_PACKAGING_06 (severity=0.47)
SCENARIO_0238,3,7,SUP_PACKAGING_06,0.79,weather,Weather disruption affecting SUP_PACKAGING_06 (severity=0.79)
SCENARIO_0239,14,19,PLANT_1,0.76,transport,Transport disruption affecting PLANT_1 (severity=0.76)
SCENARIO_0240,6,12,SUP_GAS_09,0.52,supplier,Supplier disruption affecting SUP_GAS_09 (severity=0.52)
SCENARIO_0241,21,24,SUP_HOPS_13,0.51,transport,Transport disruption affecting SUP_HOPS_13 (severity=0.51)
SCENARIO_0242,3,12,SUP_FRUIT_26,0.86,transport,Transport disruption affecting SUP_FRUIT_26 (severity=0.86)
SCENARIO_0243,12,20,WH_3_BK,0.79,weather,Weather disruption affecting WH_3_BK (severity=0.79)
SCENARIO_0244,16,22,SUP_WATER_29,0.85,quality,Quality disruption affecting SUP_WATER_29 (severity=0.85)
SCENARIO_0245,17,26,SUP_YEAST_17,0.66,cyber,Cyber disruption affecting SUP_YEAST_17 (severity=0.66)
SCENARIO_0246,5,14,SUP_HOPS_14,0.67,labor,Labor disruption affecting SUP_HOPS_14 (severity=0.67)
SCENARIO_0247,11,17,SUP_PACKAGING_05,0.47,transport,Transport disruption affecting SUP_PACKAGING_05 (severity=0.47)
SCENARIO_0248,24,30,SUP_HOPS_08,0.52,quality,Quality disruption affecting SUP_HOPS_08 (severity=0.52)
SCENARIO_0249,21,30,SUP_SUGAR_11,0.54,quality,Quality disruption affecting SUP_SUGAR_11 (severity=0.54)
SCENARIO_0250,17,27,SUP_MALT_21,0.76,quality,Quality disruption affecting SUP_MALT_21 (severity=0.76)
SCENARIO_0251,7,16,SUP_MALT_28,0.38,quality,Quality disruption affecting SUP_MALT_28 (severity=0.38)
SCENARIO_0252,7,13,SUP_HOPS_BK_01,0.55,supplier,Supplier disruption affecting SUP_HOPS_BK_01 (severity=0.55)
SCENARIO_0253,21,27,SUP_PACKAGING_24,0.72,labor,Labor disruption affecting SUP_PACKAGING_24 (severity=0.72)
SCENARIO_0254,23,30,SUP_WATER_10,0.91,transport,Transport disruption affecting SUP_WATER_10 (severity=0.91)
SCENARIO_0255,10,13,SUP_FRUIT_26,0.68,quality,Quality disruption affecting SUP_FRUIT_26 (severity=0.68)
SCENARIO_0256,3,13,SUP_MALT_28,0.63,supplier,Supplier disruption affecting SUP_MALT_28 (severity=0.63)
SCENARIO_0257,17,21,DC_3,0.47,quality,Quality disruption affecting DC_3 (severity=0.47)
SCENARIO_0258,21,25,WH_3_BK,0.32,cyber,Cyber disruption affecting WH_3_BK (severity=0.32)
SCENARIO_0259,15,21,SUP_YEAST_BK_01,0.34,transport,Transport disruption affecting SUP_YEAST_BK_01 (severity=0.34)
SCENARIO_0260,5,12,PLANT_1,0.8,quality,Quality disruption affecting PLANT_1 (severity=0.8)
SCENARIO_0261,23,30,SUP_SUGAR_27,0.92,supplier,Supplier disruption affecting SUP_SUGAR_27 (severity=0.92)
SCENARIO_0262,9,16,SUP_HOPS_23,0.34,supplier,Supplier disruption affecting SUP_HOPS_23 (severity=0.34)
SCENARIO_0263,13,19,SUP_HOPS_15,0.94,cyber,Cyber disruption affecting SUP_HOPS_15 (severity=0.94)
SCENARIO_0264,15,18,SUP_CARTON_BK_01,0.35,labor,Labor disruption affecting SUP_CARTON_BK_01 (severity=0.35)
SCENARIO_0265,18,24,SUP_HOPS_08,0.55,cyber,Cyber disruption affecting SUP_HOPS_08 (severity=0.55)
SCENARIO_0266,17,26,SUP_MALT_25,0.78,labor,Labor disruption affecting SUP_MALT_25 (severity=0.78)
SCENARIO_0267,1,4,SUP_CO2_BK_01,0.67,cyber,Cyber disruption affecting SUP_CO2_BK_01 (severity=0.67)
SCENARIO_0268,15,20,SUP_MALT_BK_01,0.88,weather,Weather disruption affecting SUP_MALT_BK_01 (severity=0.88)
SCENARIO_0269,10,18,SUP_WATER_10,0.34,quality,Quality disruption affecting SUP_WATER_10 (severity=0.34)
SCENARIO_0270,22,27,WH_1,0.68,labor,Labor disruption affecting WH_1 (severity=0.68)
SCENARIO_0271,16,19,SUP_HOPS_08,0.81,cyber,Cyber disruption affecting SUP_HOPS_08 (severity=0.81)
SCENARIO_0272,3,13,SUP_FRUIT_16,0.37,transport,Transport disruption affecting SUP_FRUIT_16 (severity=0.37)
SCENARIO_0273,21,25,SUP_BOTTLE_BK_01,0.69,supplier,Supplier disruption affecting SUP_BOTTLE_BK_01 (severity=0.69)
SCENARIO_0274,4,9,SUP_HOPS_BK_01,0.55,quality,Quality disruption affecting SUP_HOPS_BK_01 (severity=0.55)
SCENARIO_0275,24,30,SUP_SUGAR_11,0.74,transport,Transport disruption affecting SUP_SUGAR_11 (severity=0.74)
SCENARIO_0276,19,22,SUP_HOPS_08,0.59,quality,Quality disruption affecting SUP_HOPS_08 (severity=0.59)
SCENARIO_0277,1,8,SUP_PACKAGING_22,0.67,labor,Labor disruption affecting SUP_PACKAGING_22 (severity=0.67)
SCENARIO_0278,7,10,SUP_PACKAGING_05,0.5,supplier,Supplier disruption affecting SUP_PACKAGING_05 (severity=0.5)
SCENARIO_0279,2,7,PLANT_2,0.47,cyber,Cyber disruption affecting PLANT_2 (severity=0.47)
SCENARIO_0280,10,13,SUP_SUGAR_BK_01,0.9,labor,Labor disruption affecting SUP_SUGAR_BK_01 (severity=0.9)
SCENARIO_0281,15,21,SUP_LABEL_BK_01,0.69,supplier,Supplier disruption affecting SUP_LABEL_BK_01 (severity=0.69)
SCENARIO_0282,5,11,SUP_GAS_09,0.8,weather,Weather disruption affecting SUP_GAS_09 (severity=0.8)
SCENARIO_0283,18,28,SUP_YEAST_BK_01,0.58,weather,Weather disruption affecting SUP_YEAST_BK_01 (severity=0.58)
SCENARIO_0284,19,25,SUP_GAS_18,0.82,transport,Transport disruption affecting SUP_GAS_18 (severity=0.82)
SCENARIO_0285,24,28,SUP_HOPS_15,0.47,labor,Labor disruption affecting SUP_HOPS_15 (severity=0.47)
SCENARIO_0286,24,27,SUP_WATER_29,0.89,quality,Quality disruption affecting SUP_WATER_29 (severity=0.89)
SCENARIO_0287,17,26,SUP_WATER_10,0.41,supplier,Supplier disruption affecting SUP_WATER_10 (severity=0.41)
SCENARIO_0288,3,9,SUP_PACKAGING_22,0.35,weather,Weather disruption affecting SUP_PACKAGING_22 (severity=0.35)
SCENARIO_0289,4,12,SUP_CARTON_BK_01,0.69,supplier,Supplier disruption affecting SUP_CARTON_BK_01 (severity=0.69)
SCENARIO_0290,14,23,PLANT_2,0.71,quality,Quality disruption affecting PLANT_2 (severity=0.71)
SCENARIO_0291,3,10,SUP_HOPS_15,0.8,labor,Labor disruption affecting SUP_HOPS_15 (severity=0.8)
SCENARIO_0292,12,21,PLANT_1,0.43,transport,Transport disruption affecting PLANT_1 (severity=0.43)
SCENARIO_0293,6,10,SUP_CAN_BK_01,0.78,weather,Weather disruption affecting SUP_CAN_BK_01 (severity=0.78)
SCENARIO_0294,8,18,SUP_SUGAR_27,0.33,quality,Quality disruption affecting SUP_SUGAR_27 (severity=0.33)
SCENARIO_0295,24,30,SUP_YEAST_17,0.37,supplier,Supplier disruption affecting SUP_YEAST_17 (severity=0.37)
SCENARIO_0296,19,28,SUP_FRUIT_19,0.94,quality,Quality disruption affecting SUP_FRUIT_19 (severity=0.94)
SCENARIO_0297,12,21,SUP_WATER_29,0.46,supplier,Supplier disruption affecting SUP_WATER_29 (severity=0.46)
SCENARIO_0298,12,18,SUP_WATER_10,0.61,weather,Weather disruption affecting SUP_WATER_10 (severity=0.61)
SCENARIO_0299,22,30,WH_3_BK,0.48,labor,Labor disruption affecting WH_3_BK (severity=0.48)
SCENARIO_0300,9,18,DC_4_BK,0.51,quality,Quality disruption affecting DC_4_BK (severity=0.51)
SCENARIO_0301,22,30,SUP_YEAST_02,0.75,cyber,Cyber disruption affecting SUP_YEAST_02 (severity=0.75)
SCENARIO_0302,4,7,WH_2,0.83,quality,Quality disruption affecting WH_2 (severity=0.83)
SCENARIO_0303,23,29,PORT_1,0.94,labor,Labor disruption affecting PORT_1 (severity=0.94)
SCENARIO_0304,18,21,SUP_CARTON_BK_01,0.91,cyber,Cyber disruption affecting SUP_CARTON_BK_01 (severity=0.91)
SCENARIO_0305,16,23,PORT_1,0.89,quality,Quality disruption affecting PORT_1 (severity=0.89)
SCENARIO_0306,13,22,DC_3,0.79,transport,Transport disruption affecting DC_3 (severity=0.79)
SCENARIO_0307,16,25,DC_1,0.68,supplier,Supplier disruption affecting DC_1 (severity=0.68)
SCENARIO_0308,15,20,SUP_YEAST_02,0.68,supplier,Supplier disruption affecting SUP_YEAST_02 (severity=0.68)
SCENARIO_0309,2,6,SUP_SUGAR_11,0.35,labor,Labor disruption affecting SUP_SUGAR_11 (severity=0.35)
SCENARIO_0310,22,26,SUP_MALT_BK_01,0.75,quality,Quality disruption affecting SUP_MALT_BK_01 (severity=0.75)
SCENARIO_0311,14,21,DC_4_BK,0.68,transport,Transport disruption affecting DC_4_BK (severity=0.68)
SCENARIO_0312,12,16,PLANT_2,0.75,transport,Transport disruption affecting PLANT_2 (severity=0.75)
SCENARIO_0313,12,15,SUP_WATER_29,0.5,quality,Quality disruption affecting SUP_WATER_29 (severity=0.5)
SCENARIO_0314,2,10,SUP_SUGAR_BK_01,0.36,transport,Transport disruption affecting SUP_SUGAR_BK_01 (severity=0.36)
SCENARIO_0315,18,21,SUP_HOPS_BK_01,0.34,labor,Labor disruption affecting SUP_HOPS_BK_01 (severity=0.34)
SCENARIO_0316,9,15,SUP_HOPS_23,0.53,quality,Quality disruption affecting SUP_HOPS_23 (severity=0.53)
SCENARIO_0317,20,25,SUP_CO2_BK_01,0.91,weather,Weather disruption affecting SUP_CO2_BK_01 (severity=0.91)
SCENARIO_0318,24,30,PLANT_2,0.67,cyber,Cyber disruption affecting PLANT_2 (severity=0.67)
SCENARIO_0319,8,17,SUP_YEAST_17,0.74,labor,Labor disruption affecting SUP_YEAST_17 (severity=0.74)
SCENARIO_0320,14,17,DC_2,0.51,cyber,Cyber disruption affecting DC_2 (severity=0.51)
SCENARIO_0321,9,14,SUP_PACKAGING_05,0.87,transport,Transport disruption affecting SUP_PACKAGING_05 (severity=0.87)
SCENARIO_0322,21,30,WH_3_BK,0.57,labor,Labor disruption affecting WH_3_BK (severity=0.57)
SCENARIO_0323,9,19,SUP_SUGAR_BK_01,0.67,quality,Quality disruption affecting SUP_SUGAR_BK_01 (severity=0.67)
SCENARIO_0324,7,13,SUP_HOPS_03,0.73,supplier,Supplier disruption affecting SUP_HOPS_03 (severity=0.73)
SCENARIO_0325,14,22,DC_2,0.73,supplier,Supplier disruption affecting DC_2 (severity=0.73)
SCENARIO_0326,19,29,SUP_MALT_BK_01,0.43,supplier,Supplier disruption affecting SUP_MALT_BK_01 (severity=0.43)
SCENARIO_0327,10,15,DC_1,0.61,transport,Transport disruption affecting DC_1 (severity=0.61)
SCENARIO_0328,14,17,SUP_FRUIT_BK_01,0.77,cyber,Cyber disruption affecting SUP_FRUIT_BK_01 (severity=0.77)
SCENARIO_0329,24,28,PORT_1,0.68,supplier,Supplier disruption affecting PORT_1 (severity=0.68)
SCENARIO_0330,11,14,SUP_HOPS_BK_02,0.35,transport,Transport disruption affecting SUP_HOPS_BK_02 (severity=0.35)
SCENARIO_0331,20,27,SUP_YEAST_BK_01,0.31,weather,Weather disruption affecting SUP_YEAST_BK_01 (severity=0.31)
SCENARIO_0332,1,4,WH_3_BK,0.68,quality,Quality disruption affecting WH_3_BK (severity=0.68)
SCENARIO_0333,5,13,SUP_YEAST_BK_01,0.84,transport,Transport disruption affecting SUP_YEAST_BK_01 (severity=0.84)
SCENARIO_0334,18,23,SUP_HOPS_BK_01,0.38,labor,Labor disruption affecting SUP_HOPS_BK_01 (severity=0.38)
SCENARIO_0335,20,26,SUP_PACKAGING_05,0.39,labor,Labor disruption affecting SUP_PACKAGING_05 (severity=0.39)
SCENARIO_0336,11,20,WH_2,0.58,quality,Quality disruption affecting WH_2 (severity=0.58)
SCENARIO_0337,5,10,SUP_HOPS_23,0.33,quality,Quality disruption affecting SUP_HOPS_23 (severity=0.33)
SCENARIO_0338,5,15,SUP_PACKAGING_12,0.48,cyber,Cyber disruption affecting SUP_PACKAGING_12 (severity=0.48)
SCENARIO_0339,2,9,SUP_YEAST_04,0.65,supplier,Supplier disruption affecting SUP_YEAST_04 (severity=0.65)
SCENARIO_0340,13,20,SUP_CO2_BK_01,0.45,labor,Labor disruption affecting SUP_CO2_BK_01 (severity=0.45)
SCENARIO_0341,2,8,SUP_YEAST_BK_01,0.37,weather,Weather disruption affecting SUP_YEAST_BK_01 (severity=0.37)
SCENARIO_0342,17,26,SUP_YEAST_02,0.9,labor,Labor disruption affecting SUP_YEAST_02 (severity=0.9)
SCENARIO_0343,14,22,SUP_GAS_09,0.57,quality,Quality disruption affecting SUP_GAS_09 (severity=0.57)
SCENARIO_0344,12,20,SUP_PACK_MISC_BK_01,0.39,quality,Quality disruption affecting SUP_PACK_MISC_BK_01 (severity=0.39)
SCENARIO_0345,5,15,SUP_PACKAGING_06,0.76,labor,Labor disruption affecting SUP_PACKAGING_06 (severity=0.76)
SCENARIO_0346,24,30,SUP_PACKAGING_24,0.53,cyber,Cyber disruption affecting SUP_PACKAGING_24 (severity=0.53)
SCENARIO_0347,16,26,SUP_FRUIT_26,0.88,supplier,Supplier disruption affecting SUP_FRUIT_26 (severity=0.88)
SCENARIO_0348,13,18,SUP_YEAST_01,0.68,supplier,Supplier disruption affecting SUP_YEAST_01 (severity=0.68)
SCENARIO_0349,12,22,WH_1,0.38,supplier,Supplier disruption affecting WH_1 (severity=0.38)
SCENARIO_0350,11,20,DC_2,0.83,cyber,Cyber disruption affecting DC_2 (severity=0.83)
SCENARIO_0351,18,26,SUP_HOPS_23,0.78,transport,Transport disruption affecting SUP_HOPS_23 (severity=0.78)
SCENARIO_0352,2,10,WH_3_BK,0.74,quality,Quality disruption affecting WH_3_BK (severity=0.74)
SCENARIO_0353,11,19,PLANT_1,0.37,labor,Labor disruption affecting PLANT_1 (severity=0.37)
SCENARIO_0354,4,11,SUP_HOPS_23,0.85,quality,Quality disruption affecting SUP_HOPS_23 (severity=0.85)
SCENARIO_0355,19,27,SUP_YEAST_01,0.62,weather,Weather disruption affecting SUP_YEAST_01 (severity=0.62)
SCENARIO_0356,3,6,SUP_GAS_09,0.78,supplier,Supplier disruption affecting SUP_GAS_09 (severity=0.78)
SCENARIO_0357,2,9,SUP_HOPS_08,0.33,transport,Transport disruption affecting SUP_HOPS_08 (severity=0.33)
SCENARIO_0358,22,29,WH_1,0.53,labor,Labor disruption affecting WH_1 (severity=0.53)
SCENARIO_0359,21,24,SUP_PACKAGING_06,0.5,labor,Labor disruption affecting SUP_PACKAGING_06 (severity=0.5)
SCENARIO_0360,17,21,SUP_MALT_21,0.78,quality,Quality disruption affecting SUP_MALT_21 (severity=0.78)
SCENARIO_0361,6,14,SUP_FRUIT_26,0.73,weather,Weather disruption affecting SUP_FRUIT_26 (severity=0.73)
SCENARIO_0362,14,19,SUP_PACKAGING_06,0.4,supplier,Supplier disruption affecting SUP_PACKAGING_06 (severity=0.4)
SCENARIO_0363,6,11,SUP_BOTTLE_BK_01,0.82,supplier,Supplier disruption affecting SUP_BOTTLE_BK_01 (severity=0.82)
SCENARIO_0364,19,26,PLANT_1,0.48,labor,Labor disruption affecting PLANT_1 (severity=0.48)
SCENARIO_0365,2,6,SUP_PACKAGING_12,0.67,supplier,Supplier disruption affecting SUP_PACKAGING_12 (severity=0.67)
SCENARIO_0366,10,16,PLANT_2,0.87,transport,Transport disruption affecting PLANT_2 (severity=0.87)
SCENARIO_0367,21,28,SUP_SUGAR_BK_01,0.59,transport,Transport disruption affecting SUP_SUGAR_BK_01 (severity=0.59)
SCENARIO_0368,9,14,SUP_MALT_20,0.33,quality,Quality disruption affecting SUP_MALT_20 (severity=0.33)
SCENARIO_0369,16,24,SUP_GAS_18,0.55,labor,Labor disruption affecting SUP_GAS_18 (severity=0.55)
SCENARIO_0370,7,12,SUP_BOTTLE_BK_01,0.92,labor,Labor disruption affecting SUP_BOTTLE_BK_01 (severity=0.92)
SCENARIO_0371,9,18,SUP_FRUIT_BK_01,0.43,weather,Weather disruption affecting SUP_FRUIT_BK_01 (severity=0.43)
SCENARIO_0372,21,24,SUP_MALT_21,0.51,labor,Labor disruption affecting SUP_MALT_21 (severity=0.51)
SCENARIO_0373,18,28,SUP_MALT_07,0.35,weather,Weather disruption affecting SUP_MALT_07 (severity=0.35)
SCENARIO_0374,13,19,SUP_PACKAGING_12,0.58,supplier,Supplier disruption affecting SUP_PACKAGING_12 (severity=0.58)
SCENARIO_0375,7,17,SUP_PACKAGING_06,0.34,quality,Quality disruption affecting SUP_PACKAGING_06 (severity=0.34)
SCENARIO_0376,21,26,SUP_HOPS_13,0.48,transport,Transport disruption affecting SUP_HOPS_13 (severity=0.48)
SCENARIO_0377,12,17,SUP_HOPS_08,0.73,transport,Transport disruption affecting SUP_HOPS_08 (severity=0.73)
SCENARIO_0378,12,17,SUP_HOPS_BK_01,0.69,labor,Labor disruption affecting SUP_HOPS_BK_01 (severity=0.69)
SCENARIO_0379,6,15,SUP_GAS_09,0.62,labor,Labor disruption affecting SUP_GAS_09 (severity=0.62)
SCENARIO_0380,1,8,SUP_HOPS_15,0.33,transport,Transport disruption affecting SUP_HOPS_15 (severity=0.33)
SCENARIO_0381,6,12,SUP_PACKAGING_12,0.8,transport,Transport disruption affecting SUP_PACKAGING_12 (severity=0.8)
SCENARIO_0382,8,13,SUP_FRUIT_30,0.35,supplier,Supplier disruption affecting SUP_FRUIT_30 (severity=0.35)
SCENARIO_0383,7,15,DC_4_BK,0.69,weather,Weather disruption affecting DC_4_BK (severity=0.69)
SCENARIO_0384,8,16,PORT_1,0.47,transport,Transport disruption affecting PORT_1 (severity=0.47)
SCENARIO_0385,5,10,SUP_PACKAGING_24,0.73,transport,Transport disruption affecting SUP_PACKAGING_24 (severity=0.73)
SCENARIO_0386,12,18,SUP_MALT_28,0.47,labor,Labor disruption affecting SUP_MALT_28 (severity=0.47)
SCENARIO_0387,8,14,SUP_GAS_18,0.46,labor,Labor disruption affecting SUP_GAS_18 (severity=0.46)
SCENARIO_0388,14,18,PLANT_1,0.49,weather,Weather disruption affecting PLANT_1 (severity=0.49)
SCENARIO_0389,10,19,PORT_1,0.74,labor,Labor disruption affecting PORT_1 (severity=0.74)
SCENARIO_0390,8,11,SUP_GAS_18,0.31,supplier,Supplier disruption affecting SUP_GAS_18 (severity=0.31)
SCENARIO_0391,2,12,SUP_HOPS_14,0.39,transport,Transport disruption affecting SUP_HOPS_14 (severity=0.39)
SCENARIO_0392,18,23,SUP_GAS_09,0.77,quality,Quality disruption affecting SUP_GAS_09 (severity=0.77)
SCENARIO_0393,8,17,SUP_FRUIT_16,0.42,supplier,Supplier disruption affecting SUP_FRUIT_16 (severity=0.42)
SCENARIO_0394,1,5,SUP_FRUIT_19,0.79,quality,Quality disruption affecting SUP_FRUIT_19 (severity=0.79)
SCENARIO_0395,21,29,SUP_SUGAR_27,0.52,supplier,Supplier disruption affecting SUP_SUGAR_27 (severity=0.52)
SCENARIO_0396,19,25,SUP_YEAST_17,0.64,supplier,Supplier disruption affecting SUP_YEAST_17 (severity=0.64)
SCENARIO_0397,4,8,PORT_1,0.39,cyber,Cyber disruption affecting PORT_1 (severity=0.39)
SCENARIO_0398,10,14,WH_3_BK,0.41,quality,Quality disruption affecting WH_3_BK (severity=0.41)
SCENARIO_0399,3,11,SUP_MALT_25,0.5,labor,Labor disruption affecting SUP_MALT_25 (severity=0.5)
SCENARIO_0400,1,10,DC_4_BK,0.35,supplier,Supplier disruption affecting DC_4_BK (severity=0.35)
SCENARIO_0401,12,20,SUP_YEAST_04,0.39,weather,Weather disruption affecting SUP_YEAST_04 (severity=0.39)
SCENARIO_0402,18,25,SUP_FRUIT_19,0.42,transport,Transport disruption affecting SUP_FRUIT_19 (severity=0.42)
SCENARIO_0403,17,27,SUP_CO2_BK_01,0.91,supplier,Supplier disruption affecting SUP_CO2_BK_01 (severity=0.91)
SCENARIO_0404,2,11,SUP_MALT_07,0.61,weather,Weather disruption affecting SUP_MALT_07 (severity=0.61)
SCENARIO_0405,21,26,DC_1,0.59,labor,Labor disruption affecting DC_1 (severity=0.59)
SCENARIO_0406,23,27,SUP_SUGAR_BK_01,0.76,weather,Weather disruption affecting SUP_SUGAR_BK_01 (severity=0.76)
SCENARIO_0407,11,14,SUP_MALT_25,0.72,labor,Labor disruption affecting SUP_MALT_25 (severity=0.72)
SCENARIO_0408,15,23,SUP_HOPS_15,0.36,transport,Transport disruption affecting SUP_HOPS_15 (severity=0.36)
SCENARIO_0409,15,24,SUP_HOPS_15,0.6,supplier,Supplier disruption affecting SUP_HOPS_15 (severity=0.6)
SCENARIO_0410,8,15,SUP_BOTTLE_BK_01,0.6,supplier,Supplier disruption affecting SUP_BOTTLE_BK_01 (severity=0.6)
SCENARIO_0411,4,11,SUP_PACKAGING_22,0.72,labor,Labor disruption affecting SUP_PACKAGING_22 (severity=0.72)
SCENARIO_0412,19,29,DC_3,0.85,supplier,Supplier disruption affecting DC_3 (severity=0.85)
SCENARIO_0413,3,8,SUP_MALT_25,0.7,weather,Weather disruption affecting SUP_MALT_25 (severity=0.7)
SCENARIO_0414,12,20,PLANT_2,0.41,transport,Transport disruption affecting PLANT_2 (severity=0.41)
SCENARIO_0415,20,28,SUP_PACKAGING_22,0.51,transport,Transport disruption affecting SUP_PACKAGING_22 (severity=0.51)
SCENARIO_0416,14,23,SUP_YEAST_BK_01,0.6,cyber,Cyber disruption affecting SUP_YEAST_BK_01 (severity=0.6)
SCENARIO_0417,12,18,SUP_WATER_10,0.32,cyber,Cyber disruption affecting SUP_WATER_10 (severity=0.32)
SCENARIO_0418,4,14,SUP_YEAST_04,0.56,cyber,Cyber disruption affecting SUP_YEAST_04 (severity=0.56)
SCENARIO_0419,7,17,SUP_MALT_BK_01,0.67,transport,Transport disruption affecting SUP_MALT_BK_01 (severity=0.67)
SCENARIO_0420,16,26,SUP_HOPS_03,0.35,transport,Transport disruption affecting SUP_HOPS_03 (severity=0.35)
SCENARIO_EXTRA_001,18,26,PORT_2_BK,0.85,cyber,Cyber disruption affecting PORT_2_BK (severity=0.85)
SCENARIO_EXTRA_002,17,25,PORT_2_BK,0.65,transport,Transport disruption affecting PORT_2_BK (severity=0.65)
SCENARIO_EXTRA_003,21,27,PORT_2_BK,0.78,weather,Weather disruption affecting PORT_2_BK (severity=0.78)
SCENARIO_EXTRA_004,10,13,PORT_2_BK,0.35,weather,Weather disruption affecting PORT_2_BK (severity=0.35)
SCENARIO_EXTRA_005,15,22,PORT_2_BK,0.74,transport,Transport disruption affecting PORT_2_BK (severity=0.74)
SCENARIO_EXTRA_006,17,19,PLANT_3_BK,0.34,transport,Transport disruption affecting PLANT_3_BK (severity=0.34)
SCENARIO_EXTRA_007,20,22,PLANT_3_BK,0.77,labor,Labor disruption affecting PLANT_3_BK (severity=0.77)
SCENARIO_EXTRA_008,19,27,PORT_2_BK,0.42,transport,Transport disruption affecting PORT_2_BK (severity=0.42)
SCENARIO_EXTRA_009,16,18,PORT_2_BK,0.7,cyber,Cyber disruption affecting PORT_2_BK (severity=0.7)
SCENARIO_EXTRA_010,14,20,PORT_2_BK,0.9,weather,Weather disruption affecting PORT_2_BK (severity=0.9)
SCENARIO_EXTRA_011,11,19,PORT_2_BK,0.44,labor,Labor disruption affecting PORT_2_BK (severity=0.44)
SCENARIO_EXTRA_012,3,9,PLANT_3_BK,0.76,cyber,Cyber disruption affecting PLANT_3_BK (severity=0.76)
SCENARIO_EXTRA_013,10,15,PLANT_3_BK,0.34,weather,Weather disruption affecting PLANT_3_BK (severity=0.34)
SCENARIO_EXTRA_014,7,10,PLANT_3_BK,0.86,weather,Weather disruption affecting PLANT_3_BK (severity=0.86)
SCENARIO_EXTRA_015,13,20,PORT_2_BK,0.54,weather,Weather disruption affecting PORT_2_BK (severity=0.54)
SCENARIO_EXTRA_016,22,26,PLANT_3_BK,0.5,labor,Labor disruption affecting PLANT_3_BK (severity=0.5)
SCENARIO_EXTRA_017,1,6,PORT_2_BK,0.75,weather,Weather disruption affecting PORT_2_BK (severity=0.75)
SCENARIO_EXTRA_018,8,15,PLANT_3_BK,0.36,weather,Weather disruption affecting PLANT_3_BK (severity=0.36)
SCENARIO_EXTRA_019,16,19,PORT_2_BK,0.71,transport,Transport disruption affecting PORT_2_BK (severity=0.71)
SCENARIO_EXTRA_020,17,20,PORT_2_BK,0.89,transport,Transport disruption affecting PORT_2_BK (severity=0.89)
