node_id,node_type,region,capacity_units,throughput_units,recovery_days,backup_level,is_backup_capable,criticality_weight,substitutable,volume_weight,label,label_encoded
PORT_001,PORT,Quebec,751.0,430.0,9.0,partial,1.0,,,,critical,1
PORT_002,PORT,Ontario,909.0,449.0,13.0,full,1.0,,,,critical,1
PORT_003,PORT,MidwestUS,765.0,380.0,5.0,full,1.0,,,,non-critical,0
PORT_004,PORT,Prairies,1734.0,803.0,14.0,full,1.0,,,,critical,1
PORT_005,PORT,Prairies,1816.0,1017.0,11.0,full,1.0,,,,critical,1
PORT_006,PORT,BC,713.0,570.0,7.0,full,0.0,,,,critical,1
PORT_007,PORT,NortheastUS,1269.0,708.0,7.0,full,1.0,,,,non-critical,0
PORT_008,PORT,NortheastUS,909.0,582.0,6.0,full,1.0,,,,non-critical,0
PORT_009,PORT,NortheastUS,1404.0,817.0,14.0,full,1.0,,,,non-critical,0
PORT_010,PORT,Atlantic,1640.0,840.0,13.0,full,1.0,,,,critical,1
PORT_011,PORT,MidwestUS,861.0,514.0,13.0,full,1.0,,,,non-critical,0
PORT_012,PORT,NortheastUS,1882.0,1510.0,8.0,full,0.0,,,,critical,1
PORT_013,PORT,Atlantic,1166.0,1099.0,9.0,full,0.0,,,,critical,1
PORT_014,PORT,Prairies,906.0,534.0,11.0,full,1.0,,,,non-critical,0
PORT_015,PORT,NortheastUS,1033.0,648.0,10.0,full,1.0,,,,non-critical,0
PLANT_001,PLANT,BC,1018.0,806.0,21.0,full,0.0,,,,non-critical,0
PLANT_002,PLANT,Quebec,923.0,494.0,17.0,full,1.0,,,,non-critical,0
PLANT_003,PLANT,Prairies,467.0,299.0,14.0,full,1.0,,,,non-critical,0
PLANT_004,PLANT,Prairies,1001.0,872.0,12.0,full,0.0,,,,critical,1
PLANT_005,PLANT,Atlantic,534.0,249.0,20.0,full,1.0,,,,critical,1
PLANT_006,PLANT,NortheastUS,710.0,343.0,11.0,partial,1.0,,,,critical,1
PLANT_007,PLANT,NortheastUS,517.0,362.0,17.0,full,1.0,,,,non-critical,0
PLANT_008,PLANT,SoutheastUS,446.0,232.0,11.0,full,1.0,,,,non-critical,0
PLANT_009,PLANT,BC,1064.0,707.0,16.0,full,1.0,,,,non-critical,0
PLANT_010,PLANT,MidwestUS,670.0,636.0,10.0,none,0.0,,,,critical,1
PLANT_011,PLANT,Ontario,821.0,407.0,14.0,full,1.0,,,,non-critical,0
PLANT_012,PLANT,Atlantic,1181.0,622.0,8.0,full,1.0,,,,non-critical,0
PLANT_013,PLANT,Ontario,1111.0,734.0,17.0,full,1.0,,,,critical,1
PLANT_014,PLANT,Quebec,694.0,519.0,13.0,none,1.0,,,,critical,1
PLANT_015,PLANT,SoutheastUS,841.0,787.0,11.0,full,0.0,,,,non-critical,0
PLANT_016,PLANT,Atlantic,996.0,505.0,18.0,none,1.0,,,,critical,1
PLANT_017,PLANT,BC,1087.0,674.0,17.0,none,1.0,,,,critical,1
PLANT_018,PLANT,BC,745.0,504.0,9.0,partial,1.0,,,,critical,1
PLANT_019,PLANT,BC,812.0,438.0,19.0,full,1.0,,,,non-critical,0
PLANT_020,PLANT,Quebec,1191.0,714.0,17.0,partial,1.0,,,,non-critical,0
PLANT_021,PLANT,Prairies,456.0,379.0,12.0,full,0.0,,,,non-critical,0
PLANT_022,PLANT,Atlantic,913.0,634.0,12.0,full,1.0,,,,critical,1
PLANT_023,PLANT,Quebec,671.0,633.0,21.0,full,0.0,,,,non-critical,0
PLANT_024,PLANT,BC,545.0,311.0,7.0,full,1.0,,,,non-critical,0
PLANT_025,PLANT,Quebec,387.0,268.0,18.0,partial,1.0,,,,non-critical,0
PLANT_026,PLANT,Quebec,1078.0,898.0,15.0,partial,0.0,,,,non-critical,0
PLANT_027,PLANT,Ontario,975.0,900.0,14.0,partial,0.0,,,,non-critical,0
PLANT_028,PLANT,Ontario,571.0,506.0,15.0,partial,0.0,,,,non-critical,0
PLANT_029,PLANT,MidwestUS,516.0,371.0,21.0,full,1.0,,,,non-critical,0
PLANT_030,PLANT,Prairies,1030.0,669.0,11.0,partial,1.0,,,,non-critical,0
PLANT_031,PLANT,NortheastUS,748.0,530.0,21.0,none,1.0,,,,critical,1
PLANT_032,PLANT,Quebec,553.0,267.0,10.0,full,1.0,,,,non-critical,0
PLANT_033,PLANT,Atlantic,902.0,510.0,15.0,partial,1.0,,,,non-critical,0
PLANT_034,PLANT,Prairies,307.0,247.0,8.0,full,0.0,,,,critical,1
PLANT_035,PLANT,Atlantic,534.0,482.0,8.0,full,0.0,,,,non-critical,0
PLANT_036,PLANT,NortheastUS,372.0,212.0,15.0,full,1.0,,,,non-critical,0
PLANT_037,PLANT,SoutheastUS,519.0,268.0,15.0,full,1.0,,,,non-critical,0
PLANT_038,PLANT,SoutheastUS,548.0,376.0,19.0,partial,1.0,,,,critical,1
PLANT_039,PLANT,MidwestUS,494.0,246.0,8.0,full,1.0,,,,non-critical,0
PLANT_040,PLANT,MidwestUS,662.0,434.0,13.0,full,1.0,,,,non-critical,0
PLANT_041,PLANT,Atlantic,989.0,932.0,17.0,full,0.0,,,,non-critical,0
PLANT_042,PLANT,Quebec,362.0,295.0,13.0,partial,0.0,,,,non-critical,0
PLANT_043,PLANT,Quebec,554.0,302.0,10.0,partial,1.0,,,,non-critical,0
PLANT_044,PLANT,SoutheastUS,443.0,240.0,13.0,full,1.0,,,,critical,1
PLANT_045,PLANT,SoutheastUS,555.0,506.0,20.0,partial,0.0,,,,non-critical,0
PLANT_046,PLANT,SoutheastUS,1127.0,989.0,20.0,none,0.0,,,,critical,1
PLANT_047,PLANT,Quebec,351.0,333.0,17.0,partial,0.0,,,,non-critical,0
PLANT_048,PLANT,Atlantic,395.0,327.0,21.0,partial,0.0,,,,non-critical,0
PLANT_049,PLANT,Prairies,470.0,326.0,13.0,full,1.0,,,,non-critical,0
PLANT_050,PLANT,Prairies,1185.0,1068.0,13.0,full,0.0,,,,critical,1
PLANT_051,PLANT,Ontario,688.0,649.0,7.0,partial,0.0,,,,non-critical,0
PLANT_052,PLANT,BC,1102.0,747.0,19.0,full,1.0,,,,critical,1
PLANT_053,PLANT,MidwestUS,1013.0,960.0,18.0,full,0.0,,,,critical,1
PLANT_054,PLANT,SoutheastUS,458.0,274.0,10.0,full,1.0,,,,non-critical,0
PLANT_055,PLANT,Atlantic,893.0,644.0,18.0,full,1.0,,,,critical,1
PLANT_056,PLANT,NortheastUS,358.0,266.0,7.0,none,1.0,,,,critical,1
PLANT_057,PLANT,Ontario,358.0,175.0,15.0,full,1.0,,,,non-critical,0
PLANT_058,PLANT,Ontario,370.0,179.0,16.0,full,1.0,,,,critical,1
PLANT_059,PLANT,Prairies,713.0,657.0,8.0,partial,0.0,,,,non-critical,0
PLANT_060,PLANT,Prairies,892.0,419.0,16.0,partial,1.0,,,,non-critical,0
PLANT_061,PLANT,Quebec,729.0,541.0,17.0,full,1.0,,,,critical,1
PLANT_062,PLANT,NortheastUS,567.0,445.0,10.0,none,0.0,,,,critical,1
PLANT_063,PLANT,NortheastUS,544.0,352.0,11.0,partial,1.0,,,,non-critical,0
PLANT_064,PLANT,BC,768.0,702.0,12.0,full,0.0,,,,non-critical,0
PLANT_065,PLANT,Quebec,309.0,235.0,14.0,partial,0.0,,,,non-critical,0
PLANT_066,PLANT,Quebec,375.0,209.0,15.0,partial,1.0,,,,critical,1
PLANT_067,PLANT,BC,435.0,272.0,21.0,partial,1.0,,,,non-critical,0
PLANT_068,PLANT,Quebec,1200.0,762.0,10.0,none,1.0,,,,critical,1
PLANT_069,PLANT,Ontario,748.0,540.0,20.0,full,1.0,,,,non-critical,0
PLANT_070,PLANT,BC,926.0,719.0,19.0,full,0.0,,,,non-critical,0
PLANT_071,PLANT,Atlantic,983.0,715.0,20.0,partial,1.0,,,,critical,1
PLANT_072,PLANT,Quebec,1199.0,698.0,9.0,none,1.0,,,,critical,1
PLANT_073,PLANT,Quebec,1060.0,559.0,15.0,full,1.0,,,,non-critical,0
PLANT_074,PLANT,BC,919.0,743.0,10.0,full,0.0,,,,non-critical,0
PLANT_075,PLANT,Prairies,1003.0,879.0,17.0,partial,0.0,,,,non-critical,0
PLANT_076,PLANT,SoutheastUS,557.0,504.0,21.0,partial,0.0,,,,critical,1
PLANT_077,PLANT,Atlantic,394.0,261.0,17.0,full,1.0,,,,non-critical,0
PLANT_078,PLANT,BC,345.0,213.0,7.0,none,1.0,,,,critical,1
PLANT_079,PLANT,Ontario,952.0,505.0,11.0,none,1.0,,,,critical,1
PLANT_080,PLANT,SoutheastUS,864.0,574.0,18.0,full,1.0,,,,non-critical,0
PLANT_081,PLANT,Atlantic,414.0,382.0,8.0,none,0.0,,,,critical,1
PLANT_082,PLANT,Ontario,858.0,744.0,7.0,full,0.0,,,,non-critical,0
PLANT_083,PLANT,Ontario,740.0,348.0,9.0,full,1.0,,,,non-critical,0
PLANT_084,PLANT,NortheastUS,1115.0,524.0,20.0,partial,1.0,,,,non-critical,0
PLANT_085,PLANT,NortheastUS,515.0,296.0,17.0,full,1.0,,,,non-critical,0
PLANT_086,PLANT,Quebec,662.0,483.0,19.0,partial,1.0,,,,non-critical,0
PLANT_087,PLANT,MidwestUS,935.0,493.0,18.0,partial,1.0,,,,non-critical,0
PLANT_088,PLANT,Prairies,1185.0,1112.0,9.0,full,0.0,,,,non-critical,0
PLANT_089,PLANT,Ontario,722.0,390.0,7.0,full,1.0,,,,critical,1
PLANT_090,PLANT,NortheastUS,1101.0,722.0,21.0,none,1.0,,,,critical,1
WH_001,WAREHOUSE,Prairies,1146.0,967.0,3.0,none,0.0,,,,non-critical,0
WH_002,WAREHOUSE,Quebec,1383.0,1216.0,2.0,none,0.0,,,,non-critical,0
WH_003,WAREHOUSE,Prairies,1008.0,630.0,5.0,none,1.0,,,,non-critical,0
WH_004,WAREHOUSE,Prairies,1056.0,824.0,2.0,none,0.0,,,,non-critical,0
WH_005,WAREHOUSE,MidwestUS,1272.0,1122.0,4.0,partial,0.0,,,,non-critical,0
WH_006,WAREHOUSE,BC,1319.0,930.0,7.0,none,1.0,,,,non-critical,0
WH_007,WAREHOUSE,NortheastUS,656.0,583.0,2.0,partial,0.0,,,,critical,1
WH_008,WAREHOUSE,BC,965.0,899.0,6.0,partial,0.0,,,,critical,1
WH_009,WAREHOUSE,BC,678.0,507.0,2.0,partial,1.0,,,,critical,1
WH_010,WAREHOUSE,NortheastUS,2092.0,1398.0,4.0,none,1.0,,,,critical,1
WH_011,WAREHOUSE,Quebec,1388.0,757.0,6.0,none,1.0,,,,non-critical,0
WH_012,WAREHOUSE,Atlantic,2051.0,925.0,5.0,full,1.0,,,,non-critical,0
WH_013,WAREHOUSE,Prairies,1345.0,652.0,5.0,none,1.0,,,,non-critical,0
WH_014,WAREHOUSE,NortheastUS,1876.0,1466.0,4.0,partial,0.0,,,,critical,1
WH_015,WAREHOUSE,Quebec,2074.0,1459.0,4.0,none,1.0,,,,non-critical,0
WH_016,WAREHOUSE,MidwestUS,1268.0,1013.0,5.0,partial,0.0,,,,critical,1
WH_017,WAREHOUSE,Ontario,992.0,776.0,5.0,partial,0.0,,,,critical,1
WH_018,WAREHOUSE,MidwestUS,1987.0,1791.0,7.0,none,0.0,,,,critical,1
WH_019,WAREHOUSE,BC,1431.0,1240.0,6.0,none,0.0,,,,critical,1
WH_020,WAREHOUSE,BC,1187.0,789.0,3.0,none,1.0,,,,non-critical,0
WH_021,WAREHOUSE,NortheastUS,1552.0,1042.0,5.0,partial,1.0,,,,non-critical,0
WH_022,WAREHOUSE,Prairies,1646.0,1394.0,5.0,none,0.0,,,,non-critical,0
WH_023,WAREHOUSE,Ontario,1949.0,1154.0,2.0,partial,1.0,,,,non-critical,0
WH_024,WAREHOUSE,NortheastUS,791.0,622.0,3.0,none,0.0,,,,non-critical,0
WH_025,WAREHOUSE,Prairies,2251.0,1179.0,3.0,none,1.0,,,,non-critical,0
WH_026,WAREHOUSE,Atlantic,1101.0,832.0,5.0,none,0.0,,,,non-critical,0
WH_027,WAREHOUSE,Quebec,1532.0,1368.0,5.0,partial,0.0,,,,non-critical,0
WH_028,WAREHOUSE,Prairies,2071.0,1330.0,7.0,partial,1.0,,,,critical,1
WH_029,WAREHOUSE,MidwestUS,1099.0,855.0,3.0,none,0.0,,,,critical,1
WH_030,WAREHOUSE,Atlantic,2428.0,2038.0,2.0,full,0.0,,,,non-critical,0
WH_031,WAREHOUSE,Prairies,960.0,681.0,7.0,none,1.0,,,,critical,1
WH_032,WAREHOUSE,Atlantic,1741.0,1582.0,3.0,partial,0.0,,,,critical,1
WH_033,WAREHOUSE,Quebec,1534.0,1305.0,3.0,none,0.0,,,,non-critical,0
WH_034,WAREHOUSE,NortheastUS,2146.0,1623.0,5.0,full,0.0,,,,critical,1
WH_035,WAREHOUSE,MidwestUS,2301.0,1548.0,6.0,partial,1.0,,,,non-critical,0
WH_036,WAREHOUSE,Ontario,2123.0,1433.0,5.0,full,1.0,,,,critical,1
WH_037,WAREHOUSE,Prairies,2320.0,1366.0,7.0,none,1.0,,,,critical,1
WH_038,WAREHOUSE,SoutheastUS,1883.0,1106.0,3.0,partial,1.0,,,,critical,1
WH_039,WAREHOUSE,Quebec,2061.0,1169.0,4.0,none,1.0,,,,non-critical,0
WH_040,WAREHOUSE,NortheastUS,1254.0,615.0,6.0,full,1.0,,,,non-critical,0
WH_041,WAREHOUSE,Ontario,1073.0,855.0,5.0,partial,0.0,,,,non-critical,0
WH_042,WAREHOUSE,Prairies,731.0,478.0,5.0,none,1.0,,,,non-critical,0
WH_043,WAREHOUSE,SoutheastUS,1451.0,803.0,2.0,partial,1.0,,,,non-critical,0
WH_044,WAREHOUSE,MidwestUS,1397.0,1289.0,6.0,none,0.0,,,,non-critical,0
WH_045,WAREHOUSE,Atlantic,2354.0,1507.0,6.0,partial,1.0,,,,non-critical,0
WH_046,WAREHOUSE,Atlantic,1320.0,1091.0,4.0,full,0.0,,,,critical,1
WH_047,WAREHOUSE,MidwestUS,1702.0,1391.0,7.0,partial,0.0,,,,non-critical,0
WH_048,WAREHOUSE,Prairies,1599.0,938.0,3.0,partial,1.0,,,,critical,1
WH_049,WAREHOUSE,SoutheastUS,659.0,407.0,5.0,full,1.0,,,,non-critical,0
WH_050,WAREHOUSE,MidwestUS,2083.0,1813.0,3.0,none,0.0,,,,non-critical,0
WH_051,WAREHOUSE,Ontario,1874.0,869.0,6.0,full,1.0,,,,critical,1
WH_052,WAREHOUSE,MidwestUS,1812.0,1416.0,6.0,none,0.0,,,,non-critical,0
WH_053,WAREHOUSE,Quebec,1916.0,992.0,5.0,none,1.0,,,,non-critical,0
WH_054,WAREHOUSE,SoutheastUS,972.0,564.0,2.0,partial,1.0,,,,non-critical,0
WH_055,WAREHOUSE,NortheastUS,1033.0,634.0,5.0,partial,1.0,,,,non-critical,0
WH_056,WAREHOUSE,MidwestUS,1169.0,674.0,5.0,partial,1.0,,,,critical,1
WH_057,WAREHOUSE,Quebec,1563.0,1289.0,2.0,none,0.0,,,,non-critical,0
WH_058,WAREHOUSE,Atlantic,1316.0,1020.0,3.0,full,0.0,,,,critical,1
WH_059,WAREHOUSE,Atlantic,2144.0,1983.0,2.0,partial,0.0,,,,critical,1
WH_060,WAREHOUSE,Prairies,2318.0,1763.0,2.0,none,0.0,,,,non-critical,0
WH_061,WAREHOUSE,Prairies,858.0,673.0,5.0,none,0.0,,,,non-critical,0
WH_062,WAREHOUSE,Prairies,1552.0,897.0,7.0,none,1.0,,,,non-critical,0
WH_063,WAREHOUSE,NortheastUS,943.0,711.0,6.0,none,0.0,,,,critical,1
WH_064,WAREHOUSE,Quebec,2192.0,2044.0,3.0,none,0.0,,,,non-critical,0
WH_065,WAREHOUSE,Quebec,1785.0,1632.0,2.0,none,0.0,,,,non-critical,0
WH_066,WAREHOUSE,MidwestUS,1412.0,775.0,7.0,partial,1.0,,,,non-critical,0
WH_067,WAREHOUSE,Prairies,808.0,676.0,7.0,none,0.0,,,,non-critical,0
WH_068,WAREHOUSE,Quebec,2230.0,1876.0,6.0,none,0.0,,,,critical,1
WH_069,WAREHOUSE,NortheastUS,1691.0,1320.0,5.0,partial,0.0,,,,non-critical,0
WH_070,WAREHOUSE,Quebec,1636.0,1015.0,7.0,none,1.0,,,,non-critical,0
WH_071,WAREHOUSE,MidwestUS,2284.0,1148.0,5.0,none,1.0,,,,non-critical,0
WH_072,WAREHOUSE,NortheastUS,1901.0,1528.0,5.0,full,0.0,,,,critical,1
WH_073,WAREHOUSE,MidwestUS,960.0,682.0,7.0,none,1.0,,,,critical,1
WH_074,WAREHOUSE,BC,1861.0,1558.0,6.0,none,0.0,,,,non-critical,0
WH_075,WAREHOUSE,SoutheastUS,1492.0,1113.0,7.0,full,1.0,,,,non-critical,0
WH_076,WAREHOUSE,NortheastUS,2344.0,2028.0,3.0,none,0.0,,,,non-critical,0
WH_077,WAREHOUSE,Quebec,1171.0,670.0,5.0,none,1.0,,,,non-critical,0
WH_078,WAREHOUSE,SoutheastUS,1767.0,1385.0,6.0,partial,0.0,,,,non-critical,0
WH_079,WAREHOUSE,NortheastUS,658.0,576.0,5.0,partial,0.0,,,,non-critical,0
WH_080,WAREHOUSE,Ontario,1598.0,1003.0,3.0,full,1.0,,,,critical,1
WH_081,WAREHOUSE,BC,1297.0,1155.0,4.0,none,0.0,,,,non-critical,0
WH_082,WAREHOUSE,BC,1738.0,1231.0,2.0,none,1.0,,,,critical,1
WH_083,WAREHOUSE,Prairies,775.0,628.0,3.0,none,0.0,,,,non-critical,0
WH_084,WAREHOUSE,SoutheastUS,1737.0,1381.0,3.0,full,0.0,,,,non-critical,0
WH_085,WAREHOUSE,SoutheastUS,1517.0,753.0,2.0,full,1.0,,,,non-critical,0
WH_086,WAREHOUSE,Prairies,1428.0,816.0,7.0,none,1.0,,,,non-critical,0
WH_087,WAREHOUSE,NortheastUS,1569.0,1123.0,6.0,partial,1.0,,,,critical,1
WH_088,WAREHOUSE,MidwestUS,2127.0,1309.0,6.0,partial,1.0,,,,non-critical,0
WH_089,WAREHOUSE,SoutheastUS,1154.0,664.0,4.0,partial,1.0,,,,critical,1
WH_090,WAREHOUSE,Quebec,2077.0,1262.0,3.0,full,1.0,,,,non-critical,0
WH_091,WAREHOUSE,Ontario,992.0,813.0,3.0,full,0.0,,,,critical,1
WH_092,WAREHOUSE,BC,2083.0,1954.0,6.0,none,0.0,,,,non-critical,0
WH_093,WAREHOUSE,BC,805.0,481.0,3.0,none,1.0,,,,non-critical,0
WH_094,WAREHOUSE,NortheastUS,967.0,442.0,4.0,none,1.0,,,,non-critical,0
WH_095,WAREHOUSE,Ontario,1161.0,1088.0,2.0,full,0.0,,,,critical,1
WH_096,WAREHOUSE,BC,2028.0,1559.0,3.0,none,0.0,,,,non-critical,0
WH_097,WAREHOUSE,SoutheastUS,810.0,597.0,2.0,partial,1.0,,,,non-critical,0
WH_098,WAREHOUSE,SoutheastUS,1580.0,980.0,5.0,partial,1.0,,,,non-critical,0
WH_099,WAREHOUSE,Atlantic,1117.0,566.0,5.0,partial,1.0,,,,non-critical,0
WH_100,WAREHOUSE,Quebec,1420.0,692.0,5.0,none,1.0,,,,non-critical,0
WH_101,WAREHOUSE,Atlantic,910.0,779.0,3.0,none,0.0,,,,non-critical,0
WH_102,WAREHOUSE,BC,774.0,394.0,3.0,partial,1.0,,,,non-critical,0
WH_103,WAREHOUSE,MidwestUS,1841.0,1556.0,6.0,none,0.0,,,,non-critical,0
WH_104,WAREHOUSE,Prairies,2188.0,1401.0,6.0,none,1.0,,,,non-critical,0
WH_105,WAREHOUSE,SoutheastUS,1208.0,1142.0,6.0,full,0.0,,,,non-critical,0
WH_106,WAREHOUSE,BC,1764.0,847.0,6.0,partial,1.0,,,,non-critical,0
WH_107,WAREHOUSE,Quebec,2162.0,1649.0,3.0,none,0.0,,,,non-critical,0
WH_108,WAREHOUSE,BC,1952.0,1032.0,2.0,full,1.0,,,,non-critical,0
WH_109,WAREHOUSE,Ontario,1730.0,914.0,2.0,partial,1.0,,,,non-critical,0
WH_110,WAREHOUSE,MidwestUS,1522.0,1137.0,7.0,full,1.0,,,,non-critical,0
WH_111,WAREHOUSE,BC,666.0,396.0,3.0,none,1.0,,,,critical,1
WH_112,WAREHOUSE,BC,2039.0,990.0,5.0,none,1.0,,,,non-critical,0
WH_113,WAREHOUSE,Prairies,2492.0,2103.0,4.0,none,0.0,,,,non-critical,0
WH_114,WAREHOUSE,Prairies,1470.0,1062.0,2.0,none,1.0,,,,non-critical,0
WH_115,WAREHOUSE,Ontario,2460.0,2124.0,4.0,partial,0.0,,,,critical,1
WH_116,WAREHOUSE,Quebec,722.0,611.0,3.0,none,0.0,,,,non-critical,0
WH_117,WAREHOUSE,BC,1499.0,1026.0,2.0,none,1.0,,,,non-critical,0
WH_118,WAREHOUSE,BC,2033.0,1873.0,5.0,none,0.0,,,,non-critical,0
WH_119,WAREHOUSE,SoutheastUS,1496.0,1121.0,2.0,none,1.0,,,,non-critical,0
WH_120,WAREHOUSE,MidwestUS,2104.0,1582.0,4.0,partial,0.0,,,,non-critical,0
DC_001,DC,Atlantic,1174.0,1093.0,2.0,partial,0.0,,,,critical,1
DC_002,DC,Atlantic,1903.0,895.0,5.0,partial,1.0,,,,critical,1
DC_003,DC,Ontario,2727.0,2115.0,5.0,partial,0.0,,,,critical,1
DC_004,DC,BC,1543.0,1031.0,5.0,full,1.0,,,,critical,1
DC_005,DC,SoutheastUS,1173.0,732.0,4.0,full,1.0,,,,critical,1
DC_006,DC,NortheastUS,2115.0,1859.0,1.0,partial,0.0,,,,critical,1
DC_007,DC,NortheastUS,2486.0,1477.0,4.0,none,1.0,,,,critical,1
DC_008,DC,MidwestUS,3053.0,2068.0,1.0,partial,1.0,,,,critical,1
DC_009,DC,NortheastUS,1833.0,931.0,3.0,partial,1.0,,,,critical,1
DC_010,DC,MidwestUS,2907.0,2264.0,1.0,partial,0.0,,,,critical,1
DC_011,DC,SoutheastUS,2492.0,1355.0,1.0,partial,1.0,,,,critical,1
DC_012,DC,NortheastUS,2841.0,2358.0,4.0,none,0.0,,,,critical,1
DC_013,DC,Prairies,1893.0,976.0,5.0,partial,1.0,,,,critical,1
DC_014,DC,BC,2594.0,1325.0,4.0,partial,1.0,,,,critical,1
DC_015,DC,Prairies,1448.0,1050.0,3.0,none,1.0,,,,critical,1
DC_016,DC,MidwestUS,1181.0,1117.0,2.0,full,0.0,,,,critical,1
DC_017,DC,Quebec,2690.0,2082.0,1.0,full,0.0,,,,critical,1
DC_018,DC,Ontario,2841.0,2001.0,3.0,full,1.0,,,,critical,1
DC_019,DC,BC,2501.0,2351.0,4.0,partial,0.0,,,,critical,1
DC_020,DC,Prairies,2670.0,1395.0,5.0,partial,1.0,,,,critical,1
DC_021,DC,Prairies,2881.0,2541.0,2.0,none,0.0,,,,critical,1
DC_022,DC,BC,2499.0,2292.0,3.0,none,0.0,,,,critical,1
DC_023,DC,BC,810.0,659.0,3.0,none,0.0,,,,critical,1
DC_024,DC,SoutheastUS,1408.0,1013.0,4.0,none,1.0,,,,critical,1
DC_025,DC,NortheastUS,2161.0,1797.0,5.0,partial,0.0,,,,critical,1
DC_026,DC,MidwestUS,2665.0,2358.0,3.0,partial,0.0,,,,critical,1
DC_027,DC,Prairies,3142.0,1781.0,4.0,partial,1.0,,,,critical,1
DC_028,DC,MidwestUS,978.0,804.0,3.0,full,0.0,,,,critical,1
DC_029,DC,MidwestUS,2381.0,1661.0,2.0,partial,1.0,,,,critical,1
DC_030,DC,Atlantic,1317.0,1228.0,5.0,partial,0.0,,,,critical,1
DC_031,DC,NortheastUS,1211.0,605.0,4.0,partial,1.0,,,,critical,1
DC_032,DC,SoutheastUS,862.0,565.0,2.0,full,1.0,,,,critical,1
DC_033,DC,Ontario,1106.0,930.0,4.0,full,0.0,,,,critical,1
DC_034,DC,BC,2186.0,1741.0,5.0,full,0.0,,,,critical,1
DC_035,DC,Quebec,2145.0,1373.0,5.0,partial,1.0,,,,critical,1
DC_036,DC,NortheastUS,2798.0,1309.0,5.0,partial,1.0,,,,critical,1
DC_037,DC,Quebec,1761.0,1671.0,3.0,full,0.0,,,,critical,1
DC_038,DC,Quebec,2577.0,2139.0,1.0,partial,0.0,,,,critical,1
DC_039,DC,Quebec,2617.0,2086.0,2.0,none,0.0,,,,non-critical,0
DC_040,DC,Atlantic,988.0,838.0,3.0,none,0.0,,,,critical,1
DC_041,DC,BC,2268.0,1509.0,3.0,full,1.0,,,,critical,1
DC_042,DC,Prairies,2975.0,2181.0,4.0,partial,1.0,,,,critical,1
DC_043,DC,Ontario,1496.0,732.0,2.0,none,1.0,,,,critical,1
DC_044,DC,MidwestUS,1786.0,1619.0,4.0,none,0.0,,,,critical,1
DC_045,DC,Ontario,1751.0,1346.0,4.0,partial,0.0,,,,critical,1
DC_046,DC,SoutheastUS,1845.0,1659.0,1.0,partial,0.0,,,,critical,1
DC_047,DC,SoutheastUS,1978.0,1046.0,5.0,partial,1.0,,,,critical,1
DC_048,DC,SoutheastUS,2215.0,1328.0,5.0,partial,1.0,,,,critical,1
DC_049,DC,MidwestUS,1824.0,1592.0,4.0,none,0.0,,,,critical,1
DC_050,DC,Prairies,2375.0,1195.0,4.0,partial,1.0,,,,critical,1
DC_051,DC,MidwestUS,3142.0,2317.0,3.0,partial,1.0,,,,critical,1
DC_052,DC,BC,889.0,522.0,4.0,none,1.0,,,,critical,1
DC_053,DC,Atlantic,2834.0,2375.0,3.0,partial,0.0,,,,critical,1
DC_054,DC,Prairies,2243.0,1723.0,2.0,partial,0.0,,,,critical,1
DC_055,DC,BC,1360.0,1226.0,1.0,partial,0.0,,,,critical,1
DC_056,DC,Atlantic,2065.0,964.0,4.0,full,1.0,,,,critical,1
DC_057,DC,NortheastUS,1338.0,1211.0,1.0,none,0.0,,,,non-critical,0
DC_058,DC,NortheastUS,2501.0,1377.0,2.0,partial,1.0,,,,critical,1
DC_059,DC,NortheastUS,2974.0,2697.0,5.0,none,0.0,,,,non-critical,0
DC_060,DC,Ontario,1852.0,1729.0,4.0,partial,0.0,,,,critical,1
DC_061,DC,BC,2187.0,1496.0,1.0,full,1.0,,,,critical,1
DC_062,DC,Quebec,1376.0,1211.0,2.0,partial,0.0,,,,critical,1
DC_063,DC,MidwestUS,3082.0,1526.0,3.0,partial,1.0,,,,critical,1
DC_064,DC,MidwestUS,857.0,616.0,3.0,partial,1.0,,,,critical,1
DC_065,DC,SoutheastUS,2309.0,1714.0,3.0,partial,1.0,,,,critical,1
DC_066,DC,NortheastUS,1243.0,852.0,2.0,partial,1.0,,,,critical,1
DC_067,DC,NortheastUS,1706.0,1310.0,1.0,none,0.0,,,,critical,1
DC_068,DC,SoutheastUS,2037.0,1035.0,4.0,partial,1.0,,,,critical,1
DC_069,DC,Atlantic,952.0,902.0,3.0,partial,0.0,,,,critical,1
DC_070,DC,Quebec,1198.0,1071.0,2.0,partial,0.0,,,,critical,1
DC_071,DC,Ontario,2391.0,1519.0,4.0,none,1.0,,,,critical,1
DC_072,DC,MidwestUS,1432.0,1113.0,4.0,partial,0.0,,,,critical,1
DC_073,DC,SoutheastUS,2471.0,1152.0,3.0,full,1.0,,,,critical,1
DC_074,DC,NortheastUS,1689.0,1136.0,4.0,partial,1.0,,,,critical,1
DC_075,DC,Prairies,2285.0,2149.0,1.0,full,0.0,,,,critical,1
DC_076,DC,NortheastUS,3030.0,1455.0,3.0,partial,1.0,,,,critical,1
DC_077,DC,BC,1577.0,1458.0,1.0,partial,0.0,,,,critical,1
DC_078,DC,SoutheastUS,1175.0,906.0,2.0,partial,0.0,,,,critical,1
DC_079,DC,Atlantic,1007.0,576.0,3.0,full,1.0,,,,critical,1
DC_080,DC,Ontario,3112.0,1507.0,2.0,full,1.0,,,,critical,1
DC_081,DC,Prairies,1684.0,1034.0,2.0,partial,1.0,,,,critical,1
DC_082,DC,Ontario,811.0,713.0,3.0,partial,0.0,,,,critical,1
DC_083,DC,Ontario,1332.0,766.0,5.0,full,1.0,,,,critical,1
DC_084,DC,Ontario,1250.0,645.0,1.0,partial,1.0,,,,critical,1
DC_085,DC,NortheastUS,1774.0,1085.0,5.0,partial,1.0,,,,critical,1
DC_086,DC,Ontario,1886.0,968.0,1.0,none,1.0,,,,non-critical,0
DC_087,DC,MidwestUS,2954.0,2431.0,1.0,full,0.0,,,,critical,1
DC_088,DC,SoutheastUS,2636.0,1863.0,3.0,full,1.0,,,,critical,1
DC_089,DC,Quebec,2651.0,1487.0,5.0,partial,1.0,,,,critical,1
DC_090,DC,Atlantic,2935.0,1993.0,3.0,none,1.0,,,,non-critical,0
DC_091,DC,Atlantic,1049.0,916.0,4.0,full,0.0,,,,critical,1
DC_092,DC,MidwestUS,1242.0,1001.0,4.0,partial,0.0,,,,critical,1
DC_093,DC,SoutheastUS,1101.0,673.0,1.0,none,1.0,,,,critical,1
DC_094,DC,Ontario,1069.0,628.0,2.0,partial,1.0,,,,critical,1
DC_095,DC,NortheastUS,2360.0,1688.0,5.0,full,1.0,,,,critical,1
DC_096,DC,SoutheastUS,2870.0,1909.0,5.0,full,1.0,,,,critical,1
DC_097,DC,Quebec,3058.0,2034.0,2.0,partial,1.0,,,,critical,1
DC_098,DC,Prairies,2494.0,2154.0,3.0,none,0.0,,,,non-critical,0
DC_099,DC,MidwestUS,2503.0,1518.0,1.0,partial,1.0,,,,critical,1
DC_100,DC,NortheastUS,1844.0,1709.0,3.0,none,0.0,,,,critical,1
DC_101,DC,SoutheastUS,1074.0,930.0,1.0,partial,0.0,,,,critical,1
DC_102,DC,Quebec,2568.0,2112.0,1.0,partial,0.0,,,,critical,1
DC_103,DC,NortheastUS,1332.0,639.0,5.0,none,1.0,,,,non-critical,0
DC_104,DC,NortheastUS,1300.0,815.0,4.0,partial,1.0,,,,critical,1
DC_105,DC,MidwestUS,1010.0,758.0,3.0,partial,0.0,,,,critical,1
DC_106,DC,NortheastUS,1224.0,861.0,5.0,partial,1.0,,,,critical,1
DC_107,DC,Ontario,2775.0,2424.0,2.0,full,0.0,,,,critical,1
DC_108,DC,NortheastUS,3078.0,1562.0,3.0,partial,1.0,,,,critical,1
DC_109,DC,BC,3151.0,2690.0,2.0,partial,0.0,,,,critical,1
DC_110,DC,Atlantic,1895.0,1024.0,1.0,full,1.0,,,,critical,1
DC_111,DC,BC,2191.0,993.0,3.0,partial,1.0,,,,critical,1
DC_112,DC,Ontario,3119.0,1512.0,4.0,none,1.0,,,,critical,1
DC_113,DC,Atlantic,1175.0,655.0,5.0,partial,1.0,,,,critical,1
DC_114,DC,MidwestUS,2658.0,1405.0,3.0,partial,1.0,,,,critical,1
DC_115,DC,BC,2128.0,1592.0,5.0,full,1.0,,,,critical,1
DC_116,DC,Atlantic,1437.0,1189.0,2.0,partial,0.0,,,,critical,1
DC_117,DC,Atlantic,1134.0,762.0,3.0,partial,1.0,,,,critical,1
DC_118,DC,MidwestUS,2789.0,1871.0,5.0,none,1.0,,,,critical,1
DC_119,DC,BC,1682.0,853.0,5.0,none,1.0,,,,critical,1
DC_120,DC,MidwestUS,1254.0,990.0,3.0,partial,0.0,,,,critical,1
DC_121,DC,SoutheastUS,2958.0,1398.0,3.0,none,1.0,,,,critical,1
DC_122,DC,MidwestUS,1024.0,565.0,1.0,full,1.0,,,,critical,1
DC_123,DC,Prairies,1362.0,810.0,3.0,full,1.0,,,,critical,1
DC_124,DC,Quebec,831.0,684.0,4.0,partial,0.0,,,,critical,1
DC_125,DC,Ontario,1329.0,952.0,4.0,full,1.0,,,,critical,1
DC_126,DC,Prairies,2849.0,2469.0,5.0,full,0.0,,,,critical,1
DC_127,DC,NortheastUS,1095.0,965.0,4.0,full,0.0,,,,critical,1
DC_128,DC,Atlantic,2586.0,1758.0,1.0,none,1.0,,,,non-critical,0
DC_129,DC,Quebec,2082.0,1384.0,5.0,partial,1.0,,,,critical,1
DC_130,DC,MidwestUS,2510.0,1274.0,3.0,none,1.0,,,,critical,1
DC_131,DC,Atlantic,2130.0,1812.0,2.0,none,0.0,,,,critical,1
DC_132,DC,SoutheastUS,2282.0,1525.0,1.0,partial,1.0,,,,critical,1
DC_133,DC,Quebec,1796.0,1337.0,4.0,full,1.0,,,,critical,1
DC_134,DC,Quebec,2421.0,1992.0,3.0,partial,0.0,,,,critical,1
DC_135,DC,Prairies,2164.0,1056.0,2.0,partial,1.0,,,,critical,1
DC_136,DC,Quebec,2973.0,1626.0,5.0,full,1.0,,,,critical,1
DC_137,DC,NortheastUS,2238.0,1271.0,2.0,none,1.0,,,,critical,1
DC_138,DC,Ontario,1848.0,992.0,2.0,none,1.0,,,,critical,1
DC_139,DC,Ontario,1108.0,1026.0,2.0,none,0.0,,,,critical,1
DC_140,DC,SoutheastUS,2700.0,2241.0,5.0,partial,0.0,,,,critical,1
DC_141,DC,SoutheastUS,3112.0,1903.0,5.0,partial,1.0,,,,critical,1
DC_142,DC,NortheastUS,1418.0,687.0,4.0,none,1.0,,,,non-critical,0
DC_143,DC,SoutheastUS,2040.0,1521.0,3.0,partial,1.0,,,,critical,1
DC_144,DC,NortheastUS,2878.0,1742.0,1.0,partial,1.0,,,,critical,1
DC_145,DC,SoutheastUS,954.0,605.0,1.0,partial,1.0,,,,critical,1
DC_146,DC,BC,1114.0,844.0,1.0,partial,0.0,,,,critical,1
DC_147,DC,MidwestUS,2695.0,1960.0,5.0,none,1.0,,,,non-critical,0
DC_148,DC,Atlantic,2642.0,2050.0,5.0,partial,0.0,,,,critical,1
DC_149,DC,NortheastUS,2748.0,1444.0,5.0,partial,1.0,,,,critical,1
DC_150,DC,Atlantic,2645.0,2263.0,1.0,none,0.0,,,,critical,1
DC_151,DC,NortheastUS,1145.0,885.0,5.0,none,0.0,,,,critical,1
DC_152,DC,Atlantic,1814.0,1715.0,4.0,partial,0.0,,,,critical,1
DC_153,DC,Ontario,2290.0,2082.0,3.0,none,0.0,,,,critical,1
DC_154,DC,MidwestUS,2474.0,1953.0,3.0,partial,0.0,,,,critical,1
DC_155,DC,Atlantic,2170.0,1334.0,1.0,partial,1.0,,,,critical,1
DC_156,DC,MidwestUS,1963.0,1594.0,3.0,full,0.0,,,,critical,1
DC_157,DC,Ontario,2165.0,1605.0,1.0,partial,1.0,,,,critical,1
DC_158,DC,Ontario,2232.0,2084.0,3.0,none,0.0,,,,critical,1
DC_159,DC,MidwestUS,1328.0,1068.0,5.0,partial,0.0,,,,critical,1
DC_160,DC,Quebec,2068.0,1320.0,5.0,partial,1.0,,,,critical,1
DC_161,DC,NortheastUS,1323.0,657.0,5.0,none,1.0,,,,critical,1
DC_162,DC,MidwestUS,2882.0,1323.0,3.0,partial,1.0,,,,critical,1
DC_163,DC,BC,1538.0,955.0,2.0,none,1.0,,,,critical,1
DC_164,DC,SoutheastUS,1586.0,1507.0,2.0,partial,0.0,,,,critical,1
DC_165,DC,Ontario,1116.0,973.0,3.0,partial,0.0,,,,critical,1
DC_166,DC,Quebec,2879.0,2498.0,5.0,partial,0.0,,,,critical,1
DC_167,DC,Atlantic,2179.0,1123.0,5.0,partial,1.0,,,,critical,1
DC_168,DC,MidwestUS,1431.0,773.0,2.0,none,1.0,,,,critical,1
DC_169,DC,Ontario,2592.0,1699.0,1.0,partial,1.0,,,,critical,1
DC_170,DC,Prairies,2619.0,1552.0,5.0,none,1.0,,,,non-critical,0
DC_171,DC,SoutheastUS,1758.0,1001.0,5.0,full,1.0,,,,critical,1
DC_172,DC,SoutheastUS,1594.0,1258.0,3.0,partial,0.0,,,,critical,1
DC_173,DC,SoutheastUS,2691.0,2258.0,3.0,partial,0.0,,,,critical,1
DC_174,DC,MidwestUS,1463.0,1244.0,2.0,partial,0.0,,,,critical,1
DC_175,DC,Ontario,1824.0,1406.0,1.0,none,0.0,,,,critical,1
ING_001,INGREDIENT,,,,,,,0.335,1.0,,,-1
ING_002,INGREDIENT,,,,,,,0.259,0.0,,,-1
ING_003,INGREDIENT,,,,,,,0.401,1.0,,,-1
ING_004,INGREDIENT,,,,,,,0.808,0.0,,,-1
ING_005,INGREDIENT,,,,,,,0.75,1.0,,,-1
ING_006,INGREDIENT,,,,,,,0.699,0.0,,,-1
ING_007,INGREDIENT,,,,,,,0.894,0.0,,,-1
ING_008,INGREDIENT,,,,,,,0.569,0.0,,,-1
ING_009,INGREDIENT,,,,,,,0.211,1.0,,,-1
ING_010,INGREDIENT,,,,,,,0.29,0.0,,,-1
ING_011,INGREDIENT,,,,,,,0.922,0.0,,,-1
ING_012,INGREDIENT,,,,,,,0.454,0.0,,,-1
ING_013,INGREDIENT,,,,,,,0.343,1.0,,,-1
ING_014,INGREDIENT,,,,,,,0.343,0.0,,,-1
ING_015,INGREDIENT,,,,,,,0.574,1.0,,,-1
ING_016,INGREDIENT,,,,,,,0.702,1.0,,,-1
ING_017,INGREDIENT,,,,,,,0.522,0.0,,,-1
ING_018,INGREDIENT,,,,,,,0.545,0.0,,,-1
ING_019,INGREDIENT,,,,,,,0.375,1.0,,,-1
ING_020,INGREDIENT,,,,,,,0.412,0.0,,,-1
ING_021,INGREDIENT,,,,,,,0.312,0.0,,,-1
ING_022,INGREDIENT,,,,,,,0.905,0.0,,,-1
ING_023,INGREDIENT,,,,,,,0.416,0.0,,,-1
ING_024,INGREDIENT,,,,,,,0.909,0.0,,,-1
ING_025,INGREDIENT,,,,,,,0.672,0.0,,,-1
ING_026,INGREDIENT,,,,,,,0.212,0.0,,,-1
ING_027,INGREDIENT,,,,,,,0.809,0.0,,,-1
ING_028,INGREDIENT,,,,,,,0.432,1.0,,,-1
ING_029,INGREDIENT,,,,,,,0.648,1.0,,,-1
ING_030,INGREDIENT,,,,,,,0.241,1.0,,,-1
ING_031,INGREDIENT,,,,,,,0.931,0.0,,,-1
ING_032,INGREDIENT,,,,,,,0.821,0.0,,,-1
ING_033,INGREDIENT,,,,,,,0.549,0.0,,,-1
ING_034,INGREDIENT,,,,,,,0.28,1.0,,,-1
ING_035,INGREDIENT,,,,,,,0.403,0.0,,,-1
ING_036,INGREDIENT,,,,,,,0.698,0.0,,,-1
ING_037,INGREDIENT,,,,,,,0.788,1.0,,,-1
ING_038,INGREDIENT,,,,,,,0.836,0.0,,,-1
ING_039,INGREDIENT,,,,,,,0.281,0.0,,,-1
ING_040,INGREDIENT,,,,,,,0.766,1.0,,,-1
ING_041,INGREDIENT,,,,,,,0.321,0.0,,,-1
ING_042,INGREDIENT,,,,,,,0.977,0.0,,,-1
ING_043,INGREDIENT,,,,,,,0.389,1.0,,,-1
ING_044,INGREDIENT,,,,,,,0.439,0.0,,,-1
ING_045,INGREDIENT,,,,,,,0.895,0.0,,,-1
ING_046,INGREDIENT,,,,,,,0.222,0.0,,,-1
ING_047,INGREDIENT,,,,,,,0.372,0.0,,,-1
ING_048,INGREDIENT,,,,,,,0.81,0.0,,,-1
ING_049,INGREDIENT,,,,,,,0.593,1.0,,,-1
ING_050,INGREDIENT,,,,,,,0.96,0.0,,,-1
ING_051,INGREDIENT,,,,,,,0.887,0.0,,,-1
ING_052,INGREDIENT,,,,,,,0.44,1.0,,,-1
ING_053,INGREDIENT,,,,,,,0.774,1.0,,,-1
ING_054,INGREDIENT,,,,,,,0.837,0.0,,,-1
ING_055,INGREDIENT,,,,,,,0.615,1.0,,,-1
ING_056,INGREDIENT,,,,,,,0.678,1.0,,,-1
ING_057,INGREDIENT,,,,,,,0.817,0.0,,,-1
ING_058,INGREDIENT,,,,,,,0.885,0.0,,,-1
ING_059,INGREDIENT,,,,,,,0.458,0.0,,,-1
ING_060,INGREDIENT,,,,,,,0.308,1.0,,,-1
ING_061,INGREDIENT,,,,,,,0.262,1.0,,,-1
ING_062,INGREDIENT,,,,,,,0.377,1.0,,,-1
ING_063,INGREDIENT,,,,,,,0.631,1.0,,,-1
ING_064,INGREDIENT,,,,,,,0.466,1.0,,,-1
ING_065,INGREDIENT,,,,,,,0.945,0.0,,,-1
ING_066,INGREDIENT,,,,,,,0.747,0.0,,,-1
ING_067,INGREDIENT,,,,,,,0.461,0.0,,,-1
ING_068,INGREDIENT,,,,,,,0.675,1.0,,,-1
ING_069,INGREDIENT,,,,,,,0.603,1.0,,,-1
ING_070,INGREDIENT,,,,,,,0.903,0.0,,,-1
ING_071,INGREDIENT,,,,,,,0.65,1.0,,,-1
ING_072,INGREDIENT,,,,,,,0.219,0.0,,,-1
ING_073,INGREDIENT,,,,,,,0.936,0.0,,,-1
ING_074,INGREDIENT,,,,,,,0.463,1.0,,,-1
ING_075,INGREDIENT,,,,,,,0.342,0.0,,,-1
ING_076,INGREDIENT,,,,,,,0.417,0.0,,,-1
ING_077,INGREDIENT,,,,,,,0.219,1.0,,,-1
ING_078,INGREDIENT,,,,,,,0.47,1.0,,,-1
ING_079,INGREDIENT,,,,,,,0.466,1.0,,,-1
ING_080,INGREDIENT,,,,,,,0.283,1.0,,,-1
ING_081,INGREDIENT,,,,,,,0.389,1.0,,,-1
ING_082,INGREDIENT,,,,,,,0.776,1.0,,,-1
ING_083,INGREDIENT,,,,,,,0.312,0.0,,,-1
ING_084,INGREDIENT,,,,,,,0.748,1.0,,,-1
ING_085,INGREDIENT,,,,,,,0.665,0.0,,,-1
ING_086,INGREDIENT,,,,,,,0.329,0.0,,,-1
ING_087,INGREDIENT,,,,,,,0.616,0.0,,,-1
ING_088,INGREDIENT,,,,,,,0.32,1.0,,,-1
ING_089,INGREDIENT,,,,,,,0.244,1.0,,,-1
ING_090,INGREDIENT,,,,,,,0.628,0.0,,,-1
ING_091,INGREDIENT,,,,,,,0.686,0.0,,,-1
ING_092,INGREDIENT,,,,,,,0.792,0.0,,,-1
ING_093,INGREDIENT,,,,,,,0.626,0.0,,,-1
ING_094,INGREDIENT,,,,,,,0.374,1.0,,,-1
ING_095,INGREDIENT,,,,,,,0.295,0.0,,,-1
ING_096,INGREDIENT,,,,,,,0.94,0.0,,,-1
ING_097,INGREDIENT,,,,,,,0.304,1.0,,,-1
ING_098,INGREDIENT,,,,,,,0.335,0.0,,,-1
ING_099,INGREDIENT,,,,,,,0.675,1.0,,,-1
ING_100,INGREDIENT,,,,,,,0.496,1.0,,,-1
ING_101,INGREDIENT,,,,,,,0.543,1.0,,,-1
ING_102,INGREDIENT,,,,,,,0.79,1.0,,,-1
ING_103,INGREDIENT,,,,,,,0.731,1.0,,,-1
ING_104,INGREDIENT,,,,,,,0.439,0.0,,,-1
ING_105,INGREDIENT,,,,,,,0.896,0.0,,,-1
ING_106,INGREDIENT,,,,,,,0.446,1.0,,,-1
ING_107,INGREDIENT,,,,,,,0.545,1.0,,,-1
ING_108,INGREDIENT,,,,,,,0.39,1.0,,,-1
ING_109,INGREDIENT,,,,,,,0.479,0.0,,,-1
ING_110,INGREDIENT,,,,,,,0.277,0.0,,,-1
ING_111,INGREDIENT,,,,,,,0.531,0.0,,,-1
ING_112,INGREDIENT,,,,,,,0.954,0.0,,,-1
ING_113,INGREDIENT,,,,,,,0.277,0.0,,,-1
ING_114,INGREDIENT,,,,,,,0.974,0.0,,,-1
ING_115,INGREDIENT,,,,,,,0.699,0.0,,,-1
ING_116,INGREDIENT,,,,,,,0.861,0.0,,,-1
ING_117,INGREDIENT,,,,,,,0.832,0.0,,,-1
ING_118,INGREDIENT,,,,,,,0.761,1.0,,,-1
ING_119,INGREDIENT,,,,,,,0.768,0.0,,,-1
ING_120,INGREDIENT,,,,,,,0.857,0.0,,,-1
ING_121,INGREDIENT,,,,,,,0.247,1.0,,,-1
ING_122,INGREDIENT,,,,,,,0.774,1.0,,,-1
ING_123,INGREDIENT,,,,,,,0.575,0.0,,,-1
ING_124,INGREDIENT,,,,,,,0.256,0.0,,,-1
ING_125,INGREDIENT,,,,,,,0.555,0.0,,,-1
ING_126,INGREDIENT,,,,,,,0.303,0.0,,,-1
ING_127,INGREDIENT,,,,,,,0.741,1.0,,,-1
ING_128,INGREDIENT,,,,,,,0.754,1.0,,,-1
ING_129,INGREDIENT,,,,,,,0.718,1.0,,,-1
ING_130,INGREDIENT,,,,,,,0.769,0.0,,,-1
ING_131,INGREDIENT,,,,,,,0.359,1.0,,,-1
ING_132,INGREDIENT,,,,,,,0.543,0.0,,,-1
ING_133,INGREDIENT,,,,,,,0.806,0.0,,,-1
ING_134,INGREDIENT,,,,,,,0.733,0.0,,,-1
ING_135,INGREDIENT,,,,,,,0.585,1.0,,,-1
ING_136,INGREDIENT,,,,,,,0.347,0.0,,,-1
ING_137,INGREDIENT,,,,,,,0.444,1.0,,,-1
ING_138,INGREDIENT,,,,,,,0.613,1.0,,,-1
ING_139,INGREDIENT,,,,,,,0.449,1.0,,,-1
ING_140,INGREDIENT,,,,,,,0.404,1.0,,,-1
PROD_001,PRODUCT,,,,,,,,,0.965,,-1
PROD_002,PRODUCT,,,,,,,,,0.83,,-1
PROD_003,PRODUCT,,,,,,,,,0.997,,-1
PROD_004,PRODUCT,,,,,,,,,0.836,,-1
PROD_005,PRODUCT,,,,,,,,,0.85,,-1
PROD_006,PRODUCT,,,,,,,,,0.94,,-1
PROD_007,PRODUCT,,,,,,,,,0.879,,-1
PROD_008,PRODUCT,,,,,,,,,0.777,,-1
PROD_009,PRODUCT,,,,,,,,,0.81,,-1
PROD_010,PRODUCT,,,,,,,,,0.781,,-1
PROD_011,PRODUCT,,,,,,,,,0.862,,-1
PROD_012,PRODUCT,,,,,,,,,0.785,,-1
PROD_013,PRODUCT,,,,,,,,,0.37,,-1
PROD_014,PRODUCT,,,,,,,,,0.728,,-1
PROD_015,PRODUCT,,,,,,,,,0.696,,-1
PROD_016,PRODUCT,,,,,,,,,0.517,,-1
PROD_017,PRODUCT,,,,,,,,,0.735,,-1
PROD_018,PRODUCT,,,,,,,,,0.711,,-1
PROD_019,PRODUCT,,,,,,,,,0.675,,-1
PROD_020,PRODUCT,,,,,,,,,0.724,,-1
PROD_021,PRODUCT,,,,,,,,,0.638,,-1
PROD_022,PRODUCT,,,,,,,,,0.426,,-1
PROD_023,PRODUCT,,,,,,,,,0.414,,-1
PROD_024,PRODUCT,,,,,,,,,0.748,,-1
PROD_025,PRODUCT,,,,,,,,,0.537,,-1
PROD_026,PRODUCT,,,,,,,,,0.702,,-1
PROD_027,PRODUCT,,,,,,,,,0.549,,-1
PROD_028,PRODUCT,,,,,,,,,0.386,,-1
PROD_029,PRODUCT,,,,,,,,,0.507,,-1
PROD_030,PRODUCT,,,,,,,,,0.533,,-1
PROD_031,PRODUCT,,,,,,,,,0.446,,-1
PROD_032,PRODUCT,,,,,,,,,0.583,,-1
PROD_033,PRODUCT,,,,,,,,,0.369,,-1
PROD_034,PRODUCT,,,,,,,,,0.463,,-1
PROD_035,PRODUCT,,,,,,,,,0.589,,-1
PROD_036,PRODUCT,,,,,,,,,0.687,,-1
PROD_037,PRODUCT,,,,,,,,,0.619,,-1
PROD_038,PRODUCT,,,,,,,,,0.464,,-1
PROD_039,PRODUCT,,,,,,,,,0.353,,-1
PROD_040,PRODUCT,,,,,,,,,0.393,,-1
PROD_041,PRODUCT,,,,,,,,,0.404,,-1
PROD_042,PRODUCT,,,,,,,,,0.456,,-1
PROD_043,PRODUCT,,,,,,,,,0.16,,-1
PROD_044,PRODUCT,,,,,,,,,0.171,,-1
PROD_045,PRODUCT,,,,,,,,,0.064,,-1
PROD_046,PRODUCT,,,,,,,,,0.065,,-1
PROD_047,PRODUCT,,,,,,,,,0.219,,-1
PROD_048,PRODUCT,,,,,,,,,0.159,,-1
PROD_049,PRODUCT,,,,,,,,,0.137,,-1
PROD_050,PRODUCT,,,,,,,,,0.166,,-1
PROD_051,PRODUCT,,,,,,,,,0.185,,-1
PROD_052,PRODUCT,,,,,,,,,0.215,,-1
PROD_053,PRODUCT,,,,,,,,,0.298,,-1
PROD_054,PRODUCT,,,,,,,,,0.237,,-1
PROD_055,PRODUCT,,,,,,,,,0.233,,-1
PROD_056,PRODUCT,,,,,,,,,0.089,,-1
PROD_057,PRODUCT,,,,,,,,,0.079,,-1
PROD_058,PRODUCT,,,,,,,,,0.162,,-1
PROD_059,PRODUCT,,,,,,,,,0.346,,-1
PROD_060,PRODUCT,,,,,,,,,0.217,,-1
