source_id,target_id,relationship_type,cost_per_unit,transit_time_days,capacity_per_day,reliability,is_active,activation_cost,unit_cost_delta,lead_time_delta,notes
SUP_WATER_29,ING_WATER,SUPPLIES,0.016156,11,,0.961,1,0.0,0.0,0,Primary supply
SUP_MALT_07,ING_BARLEY_MALT,SUPPLIES,0.017728,6,,0.961,1,0.0,0.0,0,Primary supply
SUP_MALT_25,ING_BARLEY_MALT,SUPPLIES,0.002888,10,,0.953,1,0.0,0.0,0,Secondary supply
SUP_MALT_20,ING_WHEAT_MALT,SUPPLIES,0.002214,4,,0.98,1,0.0,0.0,0,Primary supply
SUP_MALT_25,ING_ROASTED_MALT,SUPPLIES,0.010396,7,,0.962,1,0.0,0.0,0,Primary supply
SUP_MALT_20,ING_ROASTED_MALT,SUPPLIES,0.029234,11,,0.931,1,0.0,0.0,0,Secondary supply
SUP_MALT_07,ING_OATS_FLAKED,SUPPLIES,0.0056,3,,0.966,1,0.0,0.0,0,Primary supply
SUP_HOPS_03,ING_HOPS_CITRA,SUPPLIES,0.004817,12,,0.945,1,0.0,0.0,0,Primary supply
SUP_HOPS_23,ING_HOPS_CASCADE,SUPPLIES,0.019417,5,,0.989,1,0.0,0.0,0,Primary supply
SUP_HOPS_15,ING_HOPS_CASCADE,SUPPLIES,0.020226,6,,0.976,1,0.0,0.0,0,Secondary supply
SUP_HOPS_14,ING_HOPS_CENTENNIAL,SUPPLIES,0.017902,6,,0.955,1,0.0,0.0,0,Primary supply
SUP_HOPS_15,ING_HOPS_CENTENNIAL,SUPPLIES,0.024416,12,,0.962,1,0.0,0.0,0,Secondary supply
SUP_YEAST_04,ING_YEAST_ALE,SUPPLIES,0.01961,11,,0.979,1,0.0,0.0,0,Primary supply
SUP_YEAST_17,ING_YEAST_LAGER,SUPPLIES,0.016593,4,,0.96,1,0.0,0.0,0,Primary supply
SUP_FRUIT_26,ING_FRUIT_PUREE_MANGO,SUPPLIES,0.00241,10,,0.948,1,0.0,0.0,0,Primary supply
SUP_FRUIT_19,ING_FRUIT_PUREE_BERRY,SUPPLIES,0.019853,10,,0.975,1,0.0,0.0,0,Primary supply
SUP_PACKAGING_05,ING_ORANGE_PEEL,SUPPLIES,0.011975,3,,0.975,1,0.0,0.0,0,Primary supply
SUP_PACKAGING_24,ING_CORIANDER,SUPPLIES,0.002516,12,,0.975,1,0.0,0.0,0,Primary supply
SUP_SUGAR_11,ING_LACTOSE,SUPPLIES,0.006235,8,,0.966,1,0.0,0.0,0,Primary supply
SUP_GAS_18,ING_CO2,SUPPLIES,0.007158,5,,0.948,1,0.0,0.0,0,Primary supply
SUP_SUGAR_27,ING_DEXTROSE,SUPPLIES,0.007288,4,,0.984,1,0.0,0.0,0,Primary supply
SUP_SUGAR_11,ING_DEXTROSE,SUPPLIES,0.027368,13,,0.937,1,0.0,0.0,0,Secondary supply
SUP_PACKAGING_05,PKG_CAN_355,SUPPLIES,0.012564,10,,0.943,1,0.0,0.0,0,Primary supply
SUP_PACKAGING_22,PKG_BOTTLE_500,SUPPLIES,0.00659,9,,0.963,1,0.0,0.0,0,Primary supply
SUP_PACKAGING_06,PKG_BOTTLE_500,SUPPLIES,0.005765,14,,0.977,1,0.0,0.0,0,Secondary supply
SUP_PACKAGING_24,PKG_KEG_20L,SUPPLIES,0.002308,4,,0.979,1,0.0,0.0,0,Primary supply
SUP_PACKAGING_12,PKG_LABEL,SUPPLIES,0.001169,7,,0.979,1,0.0,0.0,0,Primary supply
SUP_PACKAGING_06,PKG_CARTON_24,SUPPLIES,0.004021,4,,0.953,1,0.0,0.0,0,Primary supply
SUP_PACKAGING_05,PKG_SIX_PACK_CARRIER,SUPPLIES,0.015435,5,,0.953,1,0.0,0.0,0,Primary supply
SUP_PACKAGING_12,PKG_SIX_PACK_CARRIER,SUPPLIES,0.006805,14,,0.968,1,0.0,0.0,0,Secondary supply
SUP_PACKAGING_22,PKG_BOTTLE_CAP,SUPPLIES,0.011703,6,,0.96,1,0.0,0.0,0,Primary supply
SUP_PACKAGING_12,PKG_SHRINK_WRAP,SUPPLIES,0.009863,9,,0.975,1,0.0,0.0,0,Primary supply
SUP_PACKAGING_06,PKG_SHRINK_WRAP,SUPPLIES,0.022089,6,,0.969,1,0.0,0.0,0,Secondary supply
SUP_HOPS_BK_01,ING_HOPS_CITRA,SUPPLIES,0.021991,14,,0.891,0,8000.0,0.019,2,BACKUP supply (inactive)
SUP_HOPS_BK_02,ING_HOPS_CITRA,SUPPLIES,0.02868,14,,0.912,0,4000.0,0.019,4,BACKUP supply (inactive)
SUP_HOPS_BK_01,ING_HOPS_CASCADE,SUPPLIES,0.028646,11,,0.909,0,1500.0,0.018,2,BACKUP supply (inactive)
SUP_HOPS_BK_02,ING_HOPS_CASCADE,SUPPLIES,0.013985,15,,0.956,0,2500.0,0.057,6,BACKUP supply (inactive)
SUP_YEAST_BK_01,ING_YEAST_ALE,SUPPLIES,0.031505,8,,0.93,0,4000.0,0.058,4,BACKUP supply (inactive)
SUP_YEAST_BK_01,ING_YEAST_LAGER,SUPPLIES,0.007197,9,,0.903,0,2500.0,0.029,3,BACKUP supply (inactive)
SUP_CAN_BK_01,PKG_CAN_355,SUPPLIES,0.015361,9,,0.882,0,2500.0,0.066,2,BACKUP supply (inactive)
SUP_BOTTLE_BK_01,PKG_CAN_355,SUPPLIES,0.024493,10,,0.929,0,8000.0,0.019,7,BACKUP supply (inactive)
SUP_CAN_BK_01,PKG_BOTTLE_500,SUPPLIES,0.025706,12,,0.927,0,8000.0,0.015,3,BACKUP supply (inactive)
SUP_BOTTLE_BK_01,PKG_BOTTLE_500,SUPPLIES,0.011278,18,,0.92,0,2500.0,0.043,4,BACKUP supply (inactive)
SUP_CAN_BK_01,PKG_LABEL,SUPPLIES,0.002246,9,,0.925,0,4000.0,0.055,2,BACKUP supply (inactive)
SUP_BOTTLE_BK_01,PKG_LABEL,SUPPLIES,0.009583,15,,0.95,0,2500.0,0.047,4,BACKUP supply (inactive)
SUP_CAN_BK_01,PKG_CARTON_24,SUPPLIES,0.033156,12,,0.896,0,4000.0,0.057,7,BACKUP supply (inactive)
SUP_BOTTLE_BK_01,PKG_CARTON_24,SUPPLIES,0.00976,9,,0.895,0,8000.0,0.06,7,BACKUP supply (inactive)
SUP_FRUIT_BK_01,ING_FRUIT_PUREE_BERRY,SUPPLIES,0.017863,18,,0.884,0,2500.0,0.031,7,BACKUP supply (inactive)
SUP_FRUIT_BK_01,ING_FRUIT_PUREE_MANGO,SUPPLIES,0.012025,9,,0.915,0,2500.0,0.057,6,BACKUP supply (inactive)
SUP_CO2_BK_01,ING_CO2,SUPPLIES,0.008759,9,,0.887,0,4000.0,0.013,7,BACKUP supply (inactive)
SUP_MALT_BK_01,ING_BARLEY_MALT,SUPPLIES,0.0081,17,,0.933,0,4000.0,0.017,6,BACKUP supply (inactive)
ING_WHEAT_MALT,PORT_1,ROUTES_THROUGH,0.001054,1,,0.972,1,0.0,0.0,0,Freight lane
ING_YEAST_LAGER,PORT_1,ROUTES_THROUGH,0.006003,1,,0.93,1,0.0,0.0,0,Freight lane
ING_ORANGE_PEEL,PORT_1,ROUTES_THROUGH,0.00994,2,,0.974,1,0.0,0.0,0,Freight lane
ING_CO2,PORT_1,ROUTES_THROUGH,0.007424,1,,0.965,1,0.0,0.0,0,Freight lane
ING_DEXTROSE,PORT_1,ROUTES_THROUGH,0.004967,1,,0.957,1,0.0,0.0,0,Freight lane
PKG_CAN_355,PORT_1,ROUTES_THROUGH,0.002474,1,,0.94,1,0.0,0.0,0,Freight lane
PKG_BOTTLE_500,PORT_1,ROUTES_THROUGH,0.004052,0,,0.95,1,0.0,0.0,0,Freight lane
PKG_CARTON_24,PORT_1,ROUTES_THROUGH,0.008318,0,,0.988,1,0.0,0.0,0,Freight lane
PKG_BOTTLE_CAP,PORT_1,ROUTES_THROUGH,0.005256,1,,0.955,1,0.0,0.0,0,Freight lane
ING_WATER,PLANT_1,DELIVERS_TO,0.077662,1,,0.948,1,0.0,0.0,0,Inbound
ING_WATER,PLANT_2,DELIVERS_TO,0.079688,2,,0.951,1,0.0,0.0,0,Inbound
ING_BARLEY_MALT,PLANT_1,DELIVERS_TO,0.019916,0,,0.981,1,0.0,0.0,0,Inbound
ING_BARLEY_MALT,PLANT_2,DELIVERS_TO,0.071936,0,,0.977,1,0.0,0.0,0,Inbound
ING_WHEAT_MALT,PLANT_1,DELIVERS_TO,0.039018,3,,0.968,1,0.0,0.0,0,Inbound
ING_ROASTED_MALT,PLANT_1,DELIVERS_TO,0.050275,0,,0.975,1,0.0,0.0,0,Inbound
ING_ROASTED_MALT,PLANT_2,DELIVERS_TO,0.05965,3,,0.945,1,0.0,0.0,0,Inbound
ING_OATS_FLAKED,PLANT_1,DELIVERS_TO,0.07716,2,,0.957,1,0.0,0.0,0,Inbound
ING_OATS_FLAKED,PLANT_2,DELIVERS_TO,0.07902,3,,0.933,1,0.0,0.0,0,Inbound
ING_HOPS_CITRA,PLANT_1,DELIVERS_TO,0.037166,2,,0.933,1,0.0,0.0,0,Inbound
ING_HOPS_CITRA,PLANT_2,DELIVERS_TO,0.036536,0,,0.985,1,0.0,0.0,0,Inbound
ING_HOPS_CASCADE,PLANT_1,DELIVERS_TO,0.02704,1,,0.931,1,0.0,0.0,0,Inbound
ING_HOPS_CASCADE,PLANT_2,DELIVERS_TO,0.016815,1,,0.933,1,0.0,0.0,0,Inbound
ING_HOPS_CENTENNIAL,PLANT_1,DELIVERS_TO,0.03235,3,,0.951,1,0.0,0.0,0,Inbound
ING_HOPS_CENTENNIAL,PLANT_2,DELIVERS_TO,0.060039,3,,0.95,1,0.0,0.0,0,Inbound
ING_YEAST_ALE,PLANT_1,DELIVERS_TO,0.076498,0,,0.949,1,0.0,0.0,0,Inbound
ING_YEAST_ALE,PLANT_2,DELIVERS_TO,0.07715,2,,0.973,1,0.0,0.0,0,Inbound
ING_YEAST_LAGER,PLANT_1,DELIVERS_TO,0.049664,0,,0.951,1,0.0,0.0,0,Inbound
ING_YEAST_LAGER,PLANT_2,DELIVERS_TO,0.05579,1,,0.987,1,0.0,0.0,0,Inbound
ING_FRUIT_PUREE_MANGO,PLANT_1,DELIVERS_TO,0.032638,3,,0.945,1,0.0,0.0,0,Inbound
ING_FRUIT_PUREE_MANGO,PLANT_2,DELIVERS_TO,0.03251,0,,0.987,1,0.0,0.0,0,Inbound
ING_FRUIT_PUREE_BERRY,PLANT_1,DELIVERS_TO,0.010053,4,,0.949,1,0.0,0.0,0,Inbound
ING_FRUIT_PUREE_BERRY,PLANT_2,DELIVERS_TO,0.0758,3,,0.942,1,0.0,0.0,0,Inbound
ING_ORANGE_PEEL,PLANT_1,DELIVERS_TO,0.05599,3,,0.965,1,0.0,0.0,0,Inbound
ING_ORANGE_PEEL,PLANT_2,DELIVERS_TO,0.018634,0,,0.935,1,0.0,0.0,0,Inbound
ING_CORIANDER,PLANT_1,DELIVERS_TO,0.009351,3,,0.95,1,0.0,0.0,0,Inbound
ING_CORIANDER,PLANT_2,DELIVERS_TO,0.012601,4,,0.943,1,0.0,0.0,0,Inbound
ING_LACTOSE,PLANT_1,DELIVERS_TO,0.015355,2,,0.971,1,0.0,0.0,0,Inbound
ING_LACTOSE,PLANT_2,DELIVERS_TO,0.04957,2,,0.985,1,0.0,0.0,0,Inbound
ING_CO2,PLANT_1,DELIVERS_TO,0.017584,0,,0.96,1,0.0,0.0,0,Inbound
ING_DEXTROSE,PLANT_1,DELIVERS_TO,0.006509,1,,0.96,1,0.0,0.0,0,Inbound
PKG_CAN_355,PLANT_1,DELIVERS_TO,0.054673,3,,0.943,1,0.0,0.0,0,Inbound
PKG_CAN_355,PLANT_2,DELIVERS_TO,0.069813,3,,0.933,1,0.0,0.0,0,Inbound
PKG_BOTTLE_500,PLANT_1,DELIVERS_TO,0.064098,1,,0.981,1,0.0,0.0,0,Inbound
PKG_KEG_20L,PLANT_1,DELIVERS_TO,0.021969,2,,0.952,1,0.0,0.0,0,Inbound
PKG_LABEL,PLANT_1,DELIVERS_TO,0.008525,2,,0.948,1,0.0,0.0,0,Inbound
PKG_CARTON_24,PLANT_1,DELIVERS_TO,0.05278,0,,0.988,1,0.0,0.0,0,Inbound
PKG_CARTON_24,PLANT_2,DELIVERS_TO,0.028332,4,,0.974,1,0.0,0.0,0,Inbound
PKG_SIX_PACK_CARRIER,PLANT_1,DELIVERS_TO,0.063115,3,,0.975,1,0.0,0.0,0,Inbound
PKG_SIX_PACK_CARRIER,PLANT_2,DELIVERS_TO,0.039225,0,,0.981,1,0.0,0.0,0,Inbound
PKG_BOTTLE_CAP,PLANT_1,DELIVERS_TO,0.033743,1,,0.961,1,0.0,0.0,0,Inbound
PKG_BOTTLE_CAP,PLANT_2,DELIVERS_TO,0.055417,4,,0.934,1,0.0,0.0,0,Inbound
PKG_SHRINK_WRAP,PLANT_1,DELIVERS_TO,0.048624,4,,0.979,1,0.0,0.0,0,Inbound
PKG_SHRINK_WRAP,PLANT_2,DELIVERS_TO,0.008643,2,,0.935,1,0.0,0.0,0,Inbound
PLANT_1,PROD_PILSNER,MAKES,0.0,0,,0.99,1,0.0,0.0,0,Production
PLANT_2,PROD_PILSNER,MAKES,0.0,0,,0.98,1,0.0,0.0,0,Secondary production
PLANT_1,PROD_IPA,MAKES,0.0,0,,0.99,1,0.0,0.0,0,Production
PLANT_1,PROD_WHEAT,MAKES,0.0,0,,0.99,1,0.0,0.0,0,Production
PLANT_1,PROD_FRUIT_SOUR,MAKES,0.0,0,,0.99,1,0.0,0.0,0,Production
PLANT_1,PROD_ORANGE_WIT,MAKES,0.0,0,,0.99,1,0.0,0.0,0,Production
PLANT_1,PROD_STOUT,MAKES,0.0,0,,0.99,1,0.0,0.0,0,Production
PLANT_1,PROD_SESSION_IPA,MAKES,0.0,0,,0.99,1,0.0,0.0,0,Production
PLANT_2,PROD_SESSION_IPA,MAKES,0.0,0,,0.98,1,0.0,0.0,0,Secondary production
PLANT_1,PROD_SODA_WATER,MAKES,0.0,0,,0.99,1,0.0,0.0,0,Production
ING_WATER,PROD_PILSNER,INPUT_TO,0.0,0,,0.99,1,0.0,0.0,0,brew input
ING_BARLEY_MALT,PROD_PILSNER,INPUT_TO,0.0,0,,0.99,1,0.0,0.0,0,brew input
ING_CO2,PROD_PILSNER,INPUT_TO,0.0,0,,0.99,1,0.0,0.0,0,condition input
ING_YEAST_LAGER,PROD_PILSNER,INPUT_TO,0.0,0,,0.99,1,0.0,0.0,0,ferment input
ING_HOPS_CASCADE,PROD_PILSNER,INPUT_TO,0.0,0,,0.99,1,0.0,0.0,0,boil input
ING_WATER,PROD_IPA,INPUT_TO,0.0,0,,0.99,1,0.0,0.0,0,brew input
ING_BARLEY_MALT,PROD_IPA,INPUT_TO,0.0,0,,0.99,1,0.0,0.0,0,brew input
ING_CO2,PROD_IPA,INPUT_TO,0.0,0,,0.99,1,0.0,0.0,0,condition input
ING_YEAST_ALE,PROD_IPA,INPUT_TO,0.0,0,,0.99,1,0.0,0.0,0,ferment input
ING_HOPS_CITRA,PROD_IPA,INPUT_TO,0.0,0,,0.99,1,0.0,0.0,0,boil input
ING_HOPS_CASCADE,PROD_IPA,INPUT_TO,0.0,0,,0.99,1,0.0,0.0,0,dryhop input
ING_HOPS_CENTENNIAL,PROD_IPA,INPUT_TO,0.0,0,,0.99,1,0.0,0.0,0,dryhop input
ING_WATER,PROD_WHEAT,INPUT_TO,0.0,0,,0.99,1,0.0,0.0,0,brew input
ING_BARLEY_MALT,PROD_WHEAT,INPUT_TO,0.0,0,,0.99,1,0.0,0.0,0,brew input
ING_CO2,PROD_WHEAT,INPUT_TO,0.0,0,,0.99,1,0.0,0.0,0,condition input
ING_YEAST_ALE,PROD_WHEAT,INPUT_TO,0.0,0,,0.99,1,0.0,0.0,0,ferment input
ING_WHEAT_MALT,PROD_WHEAT,INPUT_TO,0.0,0,,0.99,1,0.0,0.0,0,brew input
ING_HOPS_CASCADE,PROD_WHEAT,INPUT_TO,0.0,0,,0.99,1,0.0,0.0,0,boil input
PKG_BOTTLE_CAP,PROD_WHEAT,INPUT_TO,0.0,0,,0.99,1,0.0,0.0,0,package input
ING_WATER,PROD_FRUIT_SOUR,INPUT_TO,0.0,0,,0.99,1,0.0,0.0,0,brew input
ING_BARLEY_MALT,PROD_FRUIT_SOUR,INPUT_TO,0.0,0,,0.99,1,0.0,0.0,0,brew input
ING_CO2,PROD_FRUIT_SOUR,INPUT_TO,0.0,0,,0.99,1,0.0,0.0,0,condition input
ING_YEAST_ALE,PROD_FRUIT_SOUR,INPUT_TO,0.0,0,,0.99,1,0.0,0.0,0,ferment input
ING_FRUIT_PUREE_BERRY,PROD_FRUIT_SOUR,INPUT_TO,0.0,0,,0.99,1,0.0,0.0,0,blend input
ING_LACTOSE,PROD_FRUIT_SOUR,INPUT_TO,0.0,0,,0.99,1,0.0,0.0,0,blend input
ING_HOPS_CASCADE,PROD_FRUIT_SOUR,INPUT_TO,0.0,0,,0.99,1,0.0,0.0,0,boil input
ING_WATER,PROD_ORANGE_WIT,INPUT_TO,0.0,0,,0.99,1,0.0,0.0,0,brew input
ING_BARLEY_MALT,PROD_ORANGE_WIT,INPUT_TO,0.0,0,,0.99,1,0.0,0.0,0,brew input
ING_CO2,PROD_ORANGE_WIT,INPUT_TO,0.0,0,,0.99,1,0.0,0.0,0,condition input
ING_YEAST_ALE,PROD_ORANGE_WIT,INPUT_TO,0.0,0,,0.99,1,0.0,0.0,0,ferment input
ING_WHEAT_MALT,PROD_ORANGE_WIT,INPUT_TO,0.0,0,,0.99,1,0.0,0.0,0,brew input
ING_ORANGE_PEEL,PROD_ORANGE_WIT,INPUT_TO,0.0,0,,0.99,1,0.0,0.0,0,boil input
ING_CORIANDER,PROD_ORANGE_WIT,INPUT_TO,0.0,0,,0.99,1,0.0,0.0,0,boil input
ING_HOPS_CASCADE,PROD_ORANGE_WIT,INPUT_TO,0.0,0,,0.99,1,0.0,0.0,0,boil input
ING_WATER,PROD_STOUT,INPUT_TO,0.0,0,,0.99,1,0.0,0.0,0,brew input
ING_BARLEY_MALT,PROD_STOUT,INPUT_TO,0.0,0,,0.99,1,0.0,0.0,0,brew input
ING_CO2,PROD_STOUT,INPUT_TO,0.0,0,,0.99,1,0.0,0.0,0,condition input
ING_YEAST_ALE,PROD_STOUT,INPUT_TO,0.0,0,,0.99,1,0.0,0.0,0,ferment input
ING_ROASTED_MALT,PROD_STOUT,INPUT_TO,0.0,0,,0.99,1,0.0,0.0,0,brew input
ING_OATS_FLAKED,PROD_STOUT,INPUT_TO,0.0,0,,0.99,1,0.0,0.0,0,mash input
ING_HOPS_CASCADE,PROD_STOUT,INPUT_TO,0.0,0,,0.99,1,0.0,0.0,0,boil input
ING_WATER,PROD_SESSION_IPA,INPUT_TO,0.0,0,,0.99,1,0.0,0.0,0,brew input
ING_BARLEY_MALT,PROD_SESSION_IPA,INPUT_TO,0.0,0,,0.99,1,0.0,0.0,0,brew input
ING_CO2,PROD_SESSION_IPA,INPUT_TO,0.0,0,,0.99,1,0.0,0.0,0,condition input
ING_YEAST_ALE,PROD_SESSION_IPA,INPUT_TO,0.0,0,,0.99,1,0.0,0.0,0,ferment input
ING_HOPS_CITRA,PROD_SESSION_IPA,INPUT_TO,0.0,0,,0.99,1,0.0,0.0,0,boil input
ING_HOPS_CASCADE,PROD_SESSION_IPA,INPUT_TO,0.0,0,,0.99,1,0.0,0.0,0,dryhop input
ING_WATER,PROD_SODA_WATER,INPUT_TO,0.0,0,,0.99,1,0.0,0.0,0,blend input
ING_CO2,PROD_SODA_WATER,INPUT_TO,0.0,0,,0.99,1,0.0,0.0,0,carbonate input
PKG_CAN_355,PROD_PILSNER,INPUT_TO,0.0,0,,0.99,1,0.0,0.0,0,package input
PKG_LABEL,PROD_PILSNER,INPUT_TO,0.0,0,,0.99,1,0.0,0.0,0,package input
PKG_CARTON_24,PROD_PILSNER,INPUT_TO,0.0,0,,0.99,1,0.0,0.0,0,casepack input
PKG_SIX_PACK_CARRIER,PROD_PILSNER,INPUT_TO,0.0,0,,0.99,1,0.0,0.0,0,casepack input
PKG_CAN_355,PROD_IPA,INPUT_TO,0.0,0,,0.99,1,0.0,0.0,0,package input
PKG_LABEL,PROD_IPA,INPUT_TO,0.0,0,,0.99,1,0.0,0.0,0,package input
PKG_CARTON_24,PROD_IPA,INPUT_TO,0.0,0,,0.99,1,0.0,0.0,0,casepack input
PKG_SIX_PACK_CARRIER,PROD_IPA,INPUT_TO,0.0,0,,0.99,1,0.0,0.0,0,casepack input
PKG_BOTTLE_500,PROD_WHEAT,INPUT_TO,0.0,0,,0.99,1,0.0,0.0,0,package input
PKG_LABEL,PROD_WHEAT,INPUT_TO,0.0,0,,0.99,1,0.0,0.0,0,package input
PKG_CARTON_24,PROD_WHEAT,INPUT_TO,0.0,0,,0.99,1,0.0,0.0,0,casepack input
PKG_CAN_355,PROD_FRUIT_SOUR,INPUT_TO,0.0,0,,0.99,1,0.0,0.0,0,package input
PKG_LABEL,PROD_FRUIT_SOUR,INPUT_TO,0.0,0,,0.99,1,0.0,0.0,0,package input
PKG_CARTON_24,PROD_FRUIT_SOUR,INPUT_TO,0.0,0,,0.99,1,0.0,0.0,0,casepack input
PKG_CAN_355,PROD_ORANGE_WIT,INPUT_TO,0.0,0,,0.99,1,0.0,0.0,0,package input
PKG_LABEL,PROD_ORANGE_WIT,INPUT_TO,0.0,0,,0.99,1,0.0,0.0,0,package input
PKG_CARTON_24,PROD_ORANGE_WIT,INPUT_TO,0.0,0,,0.99,1,0.0,0.0,0,casepack input
PKG_CAN_355,PROD_STOUT,INPUT_TO,0.0,0,,0.99,1,0.0,0.0,0,package input
PKG_LABEL,PROD_STOUT,INPUT_TO,0.0,0,,0.99,1,0.0,0.0,0,package input
PKG_CARTON_24,PROD_STOUT,INPUT_TO,0.0,0,,0.99,1,0.0,0.0,0,casepack input
PKG_KEG_20L,PROD_STOUT,INPUT_TO,0.0,0,,0.99,1,0.0,0.0,0,casepack input
PKG_CAN_355,PROD_SESSION_IPA,INPUT_TO,0.0,0,,0.99,1,0.0,0.0,0,package input
PKG_LABEL,PROD_SESSION_IPA,INPUT_TO,0.0,0,,0.99,1,0.0,0.0,0,package input
PKG_CARTON_24,PROD_SESSION_IPA,INPUT_TO,0.0,0,,0.99,1,0.0,0.0,0,casepack input
PKG_SIX_PACK_CARRIER,PROD_SESSION_IPA,INPUT_TO,0.0,0,,0.99,1,0.0,0.0,0,casepack input
PKG_CAN_355,PROD_SODA_WATER,INPUT_TO,0.0,0,,0.99,1,0.0,0.0,0,package input
PKG_LABEL,PROD_SODA_WATER,INPUT_TO,0.0,0,,0.99,1,0.0,0.0,0,package input
PKG_CARTON_24,PROD_SODA_WATER,INPUT_TO,0.0,0,,0.99,1,0.0,0.0,0,casepack input
PLANT_1,WH_1,SHIPS_TO,0.02,0,,0.99,1,0.0,0.0,0,FG transfer
PLANT_1,WH_2,SHIPS_TO,0.03,1,,0.98,1,0.0,0.0,0,FG transfer
PLANT_2,WH_2,SHIPS_TO,0.02,0,,0.99,1,0.0,0.0,0,FG transfer
PLANT_2,WH_1,SHIPS_TO,0.035,1,,0.97,1,0.0,0.0,0,FG transfer
WH_1,DC_1,SHIPS_TO,0.03972,3,,0.967,1,0.0,0.0,0,Linehaul
WH_1,DC_2,SHIPS_TO,0.05361,3,,0.951,1,0.0,0.0,0,Linehaul
WH_1,DC_3,SHIPS_TO,0.065951,3,,0.99,1,0.0,0.0,0,Linehaul
WH_2,DC_1,SHIPS_TO,0.08589,3,,0.976,1,0.0,0.0,0,Linehaul
WH_2,DC_2,SHIPS_TO,0.044365,1,,0.952,1,0.0,0.0,0,Linehaul
WH_2,DC_3,SHIPS_TO,0.057119,3,,0.941,1,0.0,0.0,0,Linehaul
PLANT_1,WH_3_BK,SHIPS_TO,0.06,2,,0.95,0,12000.0,0.02,2,BACKUP overflow storage lane
PLANT_2,WH_3_BK,SHIPS_TO,0.05,2,,0.95,0,10000.0,0.02,2,BACKUP overflow storage lane
WH_3_BK,DC_4_BK,SHIPS_TO,0.08,2,,0.94,0,15000.0,0.03,2,BACKUP 3PL linehaul
WH_1,DC_4_BK,SHIPS_TO,0.09,3,,0.93,0,15000.0,0.03,3,BACKUP 3PL linehaul
WH_2,DC_4_BK,SHIPS_TO,0.085,3,,0.93,0,15000.0,0.03,3,BACKUP 3PL linehaul
DC_3,RETAIL_001,DELIVERS_TO,0.032345,4,,0.949,1,0.0,0.0,0,Last-mile
DC_2,RETAIL_001,DELIVERS_TO,0.036398,2,,0.907,1,0.0,0.0,0,Alternate last-mile
DC_2,RETAIL_002,DELIVERS_TO,0.035077,4,,0.945,1,0.0,0.0,0,Last-mile
DC_1,RETAIL_003,DELIVERS_TO,0.072982,1,,0.967,1,0.0,0.0,0,Last-mile
DC_3,RETAIL_003,DELIVERS_TO,0.083849,2,,0.908,1,0.0,0.0,0,Alternate last-mile
DC_1,RETAIL_004,DELIVERS_TO,0.075448,2,,0.934,1,0.0,0.0,0,Last-mile
DC_2,RETAIL_005,DELIVERS_TO,0.068411,1,,0.981,1,0.0,0.0,0,Last-mile
DC_3,RETAIL_005,DELIVERS_TO,0.09702,2,,0.917,1,0.0,0.0,0,Alternate last-mile
DC_1,RETAIL_006,DELIVERS_TO,0.040972,3,,0.95,1,0.0,0.0,0,Last-mile
DC_2,RETAIL_007,DELIVERS_TO,0.076244,3,,0.987,1,0.0,0.0,0,Last-mile
DC_1,RETAIL_007,DELIVERS_TO,0.053206,4,,0.968,1,0.0,0.0,0,Alternate last-mile
DC_3,RETAIL_008,DELIVERS_TO,0.038038,2,,0.958,1,0.0,0.0,0,Last-mile
DC_1,RETAIL_009,DELIVERS_TO,0.050782,2,,0.939,1,0.0,0.0,0,Last-mile
DC_1,RETAIL_010,DELIVERS_TO,0.03574,1,,0.939,1,0.0,0.0,0,Last-mile
DC_2,RETAIL_011,DELIVERS_TO,0.070494,4,,0.976,1,0.0,0.0,0,Last-mile
DC_3,RETAIL_012,DELIVERS_TO,0.056558,2,,0.979,1,0.0,0.0,0,Last-mile
DC_3,RETAIL_013,DELIVERS_TO,0.026101,1,,0.976,1,0.0,0.0,0,Last-mile
DC_3,RETAIL_014,DELIVERS_TO,0.022108,3,,0.949,1,0.0,0.0,0,Last-mile
DC_3,RETAIL_015,DELIVERS_TO,0.028855,1,,0.934,1,0.0,0.0,0,Last-mile
DC_1,RETAIL_016,DELIVERS_TO,0.060558,4,,0.962,1,0.0,0.0,0,Last-mile
DC_1,RETAIL_017,DELIVERS_TO,0.074482,4,,0.962,1,0.0,0.0,0,Last-mile
DC_1,RETAIL_018,DELIVERS_TO,0.038169,2,,0.976,1,0.0,0.0,0,Last-mile
DC_3,RETAIL_019,DELIVERS_TO,0.04789,2,,0.939,1,0.0,0.0,0,Last-mile
DC_3,RETAIL_020,DELIVERS_TO,0.076657,1,,0.934,1,0.0,0.0,0,Last-mile
DC_2,RETAIL_021,DELIVERS_TO,0.058859,2,,0.932,1,0.0,0.0,0,Last-mile
DC_2,RETAIL_022,DELIVERS_TO,0.04769,2,,0.939,1,0.0,0.0,0,Last-mile
DC_2,RETAIL_023,DELIVERS_TO,0.051984,1,,0.961,1,0.0,0.0,0,Last-mile
DC_2,RETAIL_024,DELIVERS_TO,0.063082,4,,0.944,1,0.0,0.0,0,Last-mile
DC_2,RETAIL_025,DELIVERS_TO,0.05908,2,,0.962,1,0.0,0.0,0,Last-mile
DC_1,RETAIL_025,DELIVERS_TO,0.043237,5,,0.903,1,0.0,0.0,0,Alternate last-mile
DC_1,RETAIL_026,DELIVERS_TO,0.061651,2,,0.988,1,0.0,0.0,0,Last-mile
DC_1,RETAIL_027,DELIVERS_TO,0.070245,3,,0.934,1,0.0,0.0,0,Last-mile
DC_2,RETAIL_028,DELIVERS_TO,0.038612,1,,0.952,1,0.0,0.0,0,Last-mile
DC_3,RETAIL_029,DELIVERS_TO,0.062267,4,,0.941,1,0.0,0.0,0,Last-mile
DC_3,RETAIL_030,DELIVERS_TO,0.031375,3,,0.969,1,0.0,0.0,0,Last-mile
DC_2,RETAIL_030,DELIVERS_TO,0.054254,4,,0.94,1,0.0,0.0,0,Alternate last-mile
DC_1,RETAIL_031,DELIVERS_TO,0.071693,3,,0.973,1,0.0,0.0,0,Last-mile
DC_3,RETAIL_032,DELIVERS_TO,0.066351,2,,0.966,1,0.0,0.0,0,Last-mile
DC_2,RETAIL_033,DELIVERS_TO,0.036281,4,,0.982,1,0.0,0.0,0,Last-mile
DC_2,RETAIL_034,DELIVERS_TO,0.064912,2,,0.985,1,0.0,0.0,0,Last-mile
DC_2,RETAIL_035,DELIVERS_TO,0.02207,2,,0.964,1,0.0,0.0,0,Last-mile
DC_3,RETAIL_036,DELIVERS_TO,0.041219,3,,0.964,1,0.0,0.0,0,Last-mile
DC_1,RETAIL_036,DELIVERS_TO,0.060624,2,,0.935,1,0.0,0.0,0,Alternate last-mile
DC_1,RETAIL_037,DELIVERS_TO,0.06522,4,,0.958,1,0.0,0.0,0,Last-mile
DC_1,RETAIL_038,DELIVERS_TO,0.061167,4,,0.951,1,0.0,0.0,0,Last-mile
DC_1,RETAIL_039,DELIVERS_TO,0.0334,2,,0.981,1,0.0,0.0,0,Last-mile
DC_1,RETAIL_040,DELIVERS_TO,0.071345,4,,0.983,1,0.0,0.0,0,Last-mile
DC_3,RETAIL_041,DELIVERS_TO,0.044036,4,,0.954,1,0.0,0.0,0,Last-mile
DC_3,RETAIL_042,DELIVERS_TO,0.076394,1,,0.963,1,0.0,0.0,0,Last-mile
DC_2,RETAIL_043,DELIVERS_TO,0.050772,2,,0.932,1,0.0,0.0,0,Last-mile
DC_1,RETAIL_044,DELIVERS_TO,0.029923,2,,0.956,1,0.0,0.0,0,Last-mile
DC_1,RETAIL_045,DELIVERS_TO,0.062559,3,,0.932,1,0.0,0.0,0,Last-mile
DC_2,RETAIL_046,DELIVERS_TO,0.027092,2,,0.948,1,0.0,0.0,0,Last-mile
DC_2,RETAIL_047,DELIVERS_TO,0.040214,1,,0.97,1,0.0,0.0,0,Last-mile
DC_2,RETAIL_048,DELIVERS_TO,0.02621,4,,0.954,1,0.0,0.0,0,Last-mile
DC_1,RETAIL_049,DELIVERS_TO,0.054301,2,,0.951,1,0.0,0.0,0,Last-mile
DC_3,RETAIL_050,DELIVERS_TO,0.020628,4,,0.934,1,0.0,0.0,0,Last-mile
DC_2,RETAIL_051,DELIVERS_TO,0.047737,3,,0.945,1,0.0,0.0,0,Last-mile
DC_3,RETAIL_052,DELIVERS_TO,0.026385,2,,0.968,1,0.0,0.0,0,Last-mile
DC_2,RETAIL_053,DELIVERS_TO,0.061719,3,,0.966,1,0.0,0.0,0,Last-mile
DC_1,RETAIL_054,DELIVERS_TO,0.052965,3,,0.95,1,0.0,0.0,0,Last-mile
DC_3,RETAIL_054,DELIVERS_TO,0.088189,3,,0.903,1,0.0,0.0,0,Alternate last-mile
DC_3,RETAIL_055,DELIVERS_TO,0.071601,1,,0.949,1,0.0,0.0,0,Last-mile
DC_1,RETAIL_056,DELIVERS_TO,0.021857,2,,0.954,1,0.0,0.0,0,Last-mile
DC_3,RETAIL_057,DELIVERS_TO,0.023883,4,,0.983,1,0.0,0.0,0,Last-mile
DC_1,RETAIL_058,DELIVERS_TO,0.035641,1,,0.981,1,0.0,0.0,0,Last-mile
DC_1,RETAIL_059,DELIVERS_TO,0.060049,4,,0.97,1,0.0,0.0,0,Last-mile
DC_2,RETAIL_060,DELIVERS_TO,0.064874,3,,0.956,1,0.0,0.0,0,Last-mile
DC_3,RETAIL_061,DELIVERS_TO,0.059648,2,,0.984,1,0.0,0.0,0,Last-mile
DC_2,RETAIL_062,DELIVERS_TO,0.050201,4,,0.984,1,0.0,0.0,0,Last-mile
DC_1,RETAIL_062,DELIVERS_TO,0.037271,5,,0.937,1,0.0,0.0,0,Alternate last-mile
DC_2,RETAIL_063,DELIVERS_TO,0.046702,1,,0.986,1,0.0,0.0,0,Last-mile
DC_1,RETAIL_064,DELIVERS_TO,0.042923,2,,0.947,1,0.0,0.0,0,Last-mile
DC_3,RETAIL_065,DELIVERS_TO,0.063739,1,,0.956,1,0.0,0.0,0,Last-mile
DC_3,RETAIL_066,DELIVERS_TO,0.048365,1,,0.979,1,0.0,0.0,0,Last-mile
DC_3,RETAIL_067,DELIVERS_TO,0.079204,3,,0.944,1,0.0,0.0,0,Last-mile
DC_1,RETAIL_068,DELIVERS_TO,0.027805,1,,0.968,1,0.0,0.0,0,Last-mile
DC_1,RETAIL_069,DELIVERS_TO,0.042538,4,,0.943,1,0.0,0.0,0,Last-mile
DC_2,RETAIL_070,DELIVERS_TO,0.079617,4,,0.987,1,0.0,0.0,0,Last-mile
DC_2,RETAIL_071,DELIVERS_TO,0.037004,1,,0.969,1,0.0,0.0,0,Last-mile
DC_1,RETAIL_071,DELIVERS_TO,0.081956,4,,0.92,1,0.0,0.0,0,Alternate last-mile
DC_3,RETAIL_072,DELIVERS_TO,0.023054,4,,0.947,1,0.0,0.0,0,Last-mile
DC_1,RETAIL_073,DELIVERS_TO,0.077198,1,,0.99,1,0.0,0.0,0,Last-mile
DC_3,RETAIL_074,DELIVERS_TO,0.049632,4,,0.933,1,0.0,0.0,0,Last-mile
DC_2,RETAIL_074,DELIVERS_TO,0.054799,4,,0.951,1,0.0,0.0,0,Alternate last-mile
DC_3,RETAIL_075,DELIVERS_TO,0.025276,3,,0.959,1,0.0,0.0,0,Last-mile
DC_3,RETAIL_076,DELIVERS_TO,0.034196,1,,0.955,1,0.0,0.0,0,Last-mile
DC_2,RETAIL_077,DELIVERS_TO,0.065325,4,,0.972,1,0.0,0.0,0,Last-mile
DC_3,RETAIL_077,DELIVERS_TO,0.038447,3,,0.938,1,0.0,0.0,0,Alternate last-mile
DC_2,RETAIL_078,DELIVERS_TO,0.053252,3,,0.987,1,0.0,0.0,0,Last-mile
DC_2,RETAIL_079,DELIVERS_TO,0.060224,4,,0.988,1,0.0,0.0,0,Last-mile
DC_1,RETAIL_080,DELIVERS_TO,0.052986,2,,0.988,1,0.0,0.0,0,Last-mile
DC_4_BK,RETAIL_036,DELIVERS_TO,0.068597,3,,0.94,0,5000.0,0.02,2,BACKUP last-mile via 3PL
DC_4_BK,RETAIL_075,DELIVERS_TO,0.082915,6,,0.91,0,5000.0,0.02,2,BACKUP last-mile via 3PL
DC_4_BK,RETAIL_023,DELIVERS_TO,0.074263,4,,0.941,0,5000.0,0.02,2,BACKUP last-mile via 3PL
DC_4_BK,RETAIL_032,DELIVERS_TO,0.098387,3,,0.935,0,5000.0,0.02,2,BACKUP last-mile via 3PL
DC_4_BK,RETAIL_061,DELIVERS_TO,0.077806,5,,0.918,0,5000.0,0.02,2,BACKUP last-mile via 3PL
DC_4_BK,RETAIL_040,DELIVERS_TO,0.055713,6,,0.938,0,5000.0,0.02,2,BACKUP last-mile via 3PL
DC_4_BK,RETAIL_002,DELIVERS_TO,0.061893,5,,0.955,0,5000.0,0.02,2,BACKUP last-mile via 3PL
DC_4_BK,RETAIL_028,DELIVERS_TO,0.058621,6,,0.887,0,5000.0,0.02,2,BACKUP last-mile via 3PL
DC_4_BK,RETAIL_013,DELIVERS_TO,0.093879,4,,0.906,0,5000.0,0.02,2,BACKUP last-mile via 3PL
DC_4_BK,RETAIL_048,DELIVERS_TO,0.104913,3,,0.952,0,5000.0,0.02,2,BACKUP last-mile via 3PL
DC_4_BK,RETAIL_031,DELIVERS_TO,0.066683,6,,0.934,0,5000.0,0.02,2,BACKUP last-mile via 3PL
DC_4_BK,RETAIL_071,DELIVERS_TO,0.100455,5,,0.893,0,5000.0,0.02,2,BACKUP last-mile via 3PL
DC_4_BK,RETAIL_063,DELIVERS_TO,0.078117,4,,0.922,0,5000.0,0.02,2,BACKUP last-mile via 3PL
DC_4_BK,RETAIL_003,DELIVERS_TO,0.119026,4,,0.908,0,5000.0,0.02,2,BACKUP last-mile via 3PL
DC_4_BK,RETAIL_078,DELIVERS_TO,0.09505,5,,0.927,0,5000.0,0.02,2,BACKUP last-mile via 3PL
DC_4_BK,RETAIL_019,DELIVERS_TO,0.069591,5,,0.949,0,5000.0,0.02,2,BACKUP last-mile via 3PL
DC_4_BK,RETAIL_060,DELIVERS_TO,0.090152,5,,0.93,0,5000.0,0.02,2,BACKUP last-mile via 3PL
DC_4_BK,RETAIL_022,DELIVERS_TO,0.051234,6,,0.908,0,5000.0,0.02,2,BACKUP last-mile via 3PL
DC_4_BK,RETAIL_057,DELIVERS_TO,0.092919,4,,0.954,0,5000.0,0.02,2,BACKUP last-mile via 3PL
DC_4_BK,RETAIL_025,DELIVERS_TO,0.063904,5,,0.948,0,5000.0,0.02,2,BACKUP last-mile via 3PL
DC_4_BK,RETAIL_011,DELIVERS_TO,0.052482,5,,0.938,0,5000.0,0.02,2,BACKUP last-mile via 3PL
DC_4_BK,RETAIL_070,DELIVERS_TO,0.095361,4,,0.898,0,5000.0,0.02,2,BACKUP last-mile via 3PL
DC_4_BK,RETAIL_049,DELIVERS_TO,0.119575,5,,0.943,0,5000.0,0.02,2,BACKUP last-mile via 3PL
DC_4_BK,RETAIL_020,DELIVERS_TO,0.055808,3,,0.886,0,5000.0,0.02,2,BACKUP last-mile via 3PL
DC_4_BK,RETAIL_054,DELIVERS_TO,0.066267,3,,0.881,0,5000.0,0.02,2,BACKUP last-mile via 3PL
PROD_PILSNER,RETAIL_001,SOLD_TO,0.0,0,,0.99,1,0.0,0.0,0,Demand edge
PROD_PILSNER,RETAIL_002,SOLD_TO,0.0,0,,0.99,1,0.0,0.0,0,Demand edge
PROD_PILSNER,RETAIL_003,SOLD_TO,0.0,0,,0.99,1,0.0,0.0,0,Demand edge
PROD_PILSNER,RETAIL_005,SOLD_TO,0.0,0,,0.99,1,0.0,0.0,0,Demand edge
PROD_PILSNER,RETAIL_006,SOLD_TO,0.0,0,,0.99,1,0.0,0.0,0,Demand edge
PROD_PILSNER,RETAIL_007,SOLD_TO,0.0,0,,0.99,1,0.0,0.0,0,Demand edge
PROD_PILSNER,RETAIL_008,SOLD_TO,0.0,0,,0.99,1,0.0,0.0,0,Demand edge
PROD_PILSNER,RETAIL_009,SOLD_TO,0.0,0,,0.99,1,0.0,0.0,0,Demand edge
PROD_PILSNER,RETAIL_010,SOLD_TO,0.0,0,,0.99,1,0.0,0.0,0,Demand edge
PROD_PILSNER,RETAIL_011,SOLD_TO,0.0,0,,0.99,1,0.0,0.0,0,Demand edge
PROD_PILSNER,RETAIL_014,SOLD_TO,0.0,0,,0.99,1,0.0,0.0,0,Demand edge
PROD_PILSNER,RETAIL_015,SOLD_TO,0.0,0,,0.99,1,0.0,0.0,0,Demand edge
PROD_PILSNER,RETAIL_016,SOLD_TO,0.0,0,,0.99,1,0.0,0.0,0,Demand edge
PROD_PILSNER,RETAIL_017,SOLD_TO,0.0,0,,0.99,1,0.0,0.0,0,Demand edge
PROD_PILSNER,RETAIL_018,SOLD_TO,0.0,0,,0.99,1,0.0,0.0,0,Demand edge
PROD_PILSNER,RETAIL_019,SOLD_TO,0.0,0,,0.99,1,0.0,0.0,0,Demand edge
PROD_PILSNER,RETAIL_020,SOLD_TO,0.0,0,,0.99,1,0.0,0.0,0,Demand edge
PROD_PILSNER,RETAIL_022,SOLD_TO,0.0,0,,0.99,1,0.0,0.0,0,Demand edge
PROD_PILSNER,RETAIL_023,SOLD_TO,0.0,0,,0.99,1,0.0,0.0,0,Demand edge
PROD_PILSNER,RETAIL_025,SOLD_TO,0.0,0,,0.99,1,0.0,0.0,0,Demand edge
PROD_PILSNER,RETAIL_026,SOLD_TO,0.0,0,,0.99,1,0.0,0.0,0,Demand edge
PROD_PILSNER,RETAIL_027,SOLD_TO,0.0,0,,0.99,1,0.0,0.0,0,Demand edge
PROD_PILSNER,RETAIL_028,SOLD_TO,0.0,0,,0.99,1,0.0,0.0,0,Demand edge
PROD_PILSNER,RETAIL_029,SOLD_TO,0.0,0,,0.99,1,0.0,0.0,0,Demand edge
PROD_PILSNER,RETAIL_030,SOLD_TO,0.0,0,,0.99,1,0.0,0.0,0,Demand edge
PROD_PILSNER,RETAIL_032,SOLD_TO,0.0,0,,0.99,1,0.0,0.0,0,Demand edge
PROD_PILSNER,RETAIL_033,SOLD_TO,0.0,0,,0.99,1,0.0,0.0,0,Demand edge
PROD_PILSNER,RETAIL_035,SOLD_TO,0.0,0,,0.99,1,0.0,0.0,0,Demand edge
PROD_PILSNER,RETAIL_036,SOLD_TO,0.0,0,,0.99,1,0.0,0.0,0,Demand edge
PROD_PILSNER,RETAIL_037,SOLD_TO,0.0,0,,0.99,1,0.0,0.0,0,Demand edge
PROD_PILSNER,RETAIL_039,SOLD_TO,0.0,0,,0.99,1,0.0,0.0,0,Demand edge
PROD_PILSNER,RETAIL_040,SOLD_TO,0.0,0,,0.99,1,0.0,0.0,0,Demand edge
PROD_PILSNER,RETAIL_041,SOLD_TO,0.0,0,,0.99,1,0.0,0.0,0,Demand edge
PROD_PILSNER,RETAIL_042,SOLD_TO,0.0,0,,0.99,1,0.0,0.0,0,Demand edge
PROD_PILSNER,RETAIL_043,SOLD_TO,0.0,0,,0.99,1,0.0,0.0,0,Demand edge
PROD_PILSNER,RETAIL_044,SOLD_TO,0.0,0,,0.99,1,0.0,0.0,0,Demand edge
PROD_PILSNER,RETAIL_045,SOLD_TO,0.0,0,,0.99,1,0.0,0.0,0,Demand edge
PROD_PILSNER,RETAIL_047,SOLD_TO,0.0,0,,0.99,1,0.0,0.0,0,Demand edge
PROD_PILSNER,RETAIL_049,SOLD_TO,0.0,0,,0.99,1,0.0,0.0,0,Demand edge
PROD_PILSNER,RETAIL_051,SOLD_TO,0.0,0,,0.99,1,0.0,0.0,0,Demand edge
PROD_PILSNER,RETAIL_052,SOLD_TO,0.0,0,,0.99,1,0.0,0.0,0,Demand edge
PROD_PILSNER,RETAIL_054,SOLD_TO,0.0,0,,0.99,1,0.0,0.0,0,Demand edge
PROD_PILSNER,RETAIL_057,SOLD_TO,0.0,0,,0.99,1,0.0,0.0,0,Demand edge
PROD_PILSNER,RETAIL_059,SOLD_TO,0.0,0,,0.99,1,0.0,0.0,0,Demand edge
PROD_PILSNER,RETAIL_060,SOLD_TO,0.0,0,,0.99,1,0.0,0.0,0,Demand edge
PROD_PILSNER,RETAIL_061,SOLD_TO,0.0,0,,0.99,1,0.0,0.0,0,Demand edge
PROD_PILSNER,RETAIL_062,SOLD_TO,0.0,0,,0.99,1,0.0,0.0,0,Demand edge
PROD_PILSNER,RETAIL_063,SOLD_TO,0.0,0,,0.99,1,0.0,0.0,0,Demand edge
PROD_PILSNER,RETAIL_064,SOLD_TO,0.0,0,,0.99,1,0.0,0.0,0,Demand edge
PROD_PILSNER,RETAIL_065,SOLD_TO,0.0,0,,0.99,1,0.0,0.0,0,Demand edge
PROD_PILSNER,RETAIL_066,SOLD_TO,0.0,0,,0.99,1,0.0,0.0,0,Demand edge
PROD_PILSNER,RETAIL_068,SOLD_TO,0.0,0,,0.99,1,0.0,0.0,0,Demand edge
PROD_PILSNER,RETAIL_069,SOLD_TO,0.0,0,,0.99,1,0.0,0.0,0,Demand edge
PROD_PILSNER,RETAIL_070,SOLD_TO,0.0,0,,0.99,1,0.0,0.0,0,Demand edge
PROD_PILSNER,RETAIL_071,SOLD_TO,0.0,0,,0.99,1,0.0,0.0,0,Demand edge
PROD_PILSNER,RETAIL_072,SOLD_TO,0.0,0,,0.99,1,0.0,0.0,0,Demand edge
PROD_PILSNER,RETAIL_073,SOLD_TO,0.0,0,,0.99,1,0.0,0.0,0,Demand edge
PROD_PILSNER,RETAIL_075,SOLD_TO,0.0,0,,0.99,1,0.0,0.0,0,Demand edge
PROD_PILSNER,RETAIL_076,SOLD_TO,0.0,0,,0.99,1,0.0,0.0,0,Demand edge
PROD_PILSNER,RETAIL_077,SOLD_TO,0.0,0,,0.99,1,0.0,0.0,0,Demand edge
PROD_PILSNER,RETAIL_079,SOLD_TO,0.0,0,,0.99,1,0.0,0.0,0,Demand edge
PROD_IPA,RETAIL_003,SOLD_TO,0.0,0,,0.99,1,0.0,0.0,0,Demand edge
PROD_IPA,RETAIL_005,SOLD_TO,0.0,0,,0.99,1,0.0,0.0,0,Demand edge
PROD_IPA,RETAIL_006,SOLD_TO,0.0,0,,0.99,1,0.0,0.0,0,Demand edge
PROD_IPA,RETAIL_007,SOLD_TO,0.0,0,,0.99,1,0.0,0.0,0,Demand edge
PROD_IPA,RETAIL_008,SOLD_TO,0.0,0,,0.99,1,0.0,0.0,0,Demand edge
PROD_IPA,RETAIL_009,SOLD_TO,0.0,0,,0.99,1,0.0,0.0,0,Demand edge
PROD_IPA,RETAIL_010,SOLD_TO,0.0,0,,0.99,1,0.0,0.0,0,Demand edge
PROD_IPA,RETAIL_014,SOLD_TO,0.0,0,,0.99,1,0.0,0.0,0,Demand edge
PROD_IPA,RETAIL_015,SOLD_TO,0.0,0,,0.99,1,0.0,0.0,0,Demand edge
PROD_IPA,RETAIL_016,SOLD_TO,0.0,0,,0.99,1,0.0,0.0,0,Demand edge
PROD_IPA,RETAIL_017,SOLD_TO,0.0,0,,0.99,1,0.0,0.0,0,Demand edge
PROD_IPA,RETAIL_018,SOLD_TO,0.0,0,,0.99,1,0.0,0.0,0,Demand edge
PROD_IPA,RETAIL_019,SOLD_TO,0.0,0,,0.99,1,0.0,0.0,0,Demand edge
PROD_IPA,RETAIL_021,SOLD_TO,0.0,0,,0.99,1,0.0,0.0,0,Demand edge
PROD_IPA,RETAIL_022,SOLD_TO,0.0,0,,0.99,1,0.0,0.0,0,Demand edge
PROD_IPA,RETAIL_023,SOLD_TO,0.0,0,,0.99,1,0.0,0.0,0,Demand edge
PROD_IPA,RETAIL_024,SOLD_TO,0.0,0,,0.99,1,0.0,0.0,0,Demand edge
PROD_IPA,RETAIL_026,SOLD_TO,0.0,0,,0.99,1,0.0,0.0,0,Demand edge
PROD_IPA,RETAIL_027,SOLD_TO,0.0,0,,0.99,1,0.0,0.0,0,Demand edge
PROD_IPA,RETAIL_029,SOLD_TO,0.0,0,,0.99,1,0.0,0.0,0,Demand edge
PROD_IPA,RETAIL_032,SOLD_TO,0.0,0,,0.99,1,0.0,0.0,0,Demand edge
PROD_IPA,RETAIL_033,SOLD_TO,0.0,0,,0.99,1,0.0,0.0,0,Demand edge
PROD_IPA,RETAIL_034,SOLD_TO,0.0,0,,0.99,1,0.0,0.0,0,Demand edge
PROD_IPA,RETAIL_035,SOLD_TO,0.0,0,,0.99,1,0.0,0.0,0,Demand edge
PROD_IPA,RETAIL_036,SOLD_TO,0.0,0,,0.99,1,0.0,0.0,0,Demand edge
PROD_IPA,RETAIL_037,SOLD_TO,0.0,0,,0.99,1,0.0,0.0,0,Demand edge
PROD_IPA,RETAIL_039,SOLD_TO,0.0,0,,0.99,1,0.0,0.0,0,Demand edge
PROD_IPA,RETAIL_040,SOLD_TO,0.0,0,,0.99,1,0.0,0.0,0,Demand edge
PROD_IPA,RETAIL_041,SOLD_TO,0.0,0,,0.99,1,0.0,0.0,0,Demand edge
PROD_IPA,RETAIL_042,SOLD_TO,0.0,0,,0.99,1,0.0,0.0,0,Demand edge
PROD_IPA,RETAIL_043,SOLD_TO,0.0,0,,0.99,1,0.0,0.0,0,Demand edge
PROD_IPA,RETAIL_045,SOLD_TO,0.0,0,,0.99,1,0.0,0.0,0,Demand edge
PROD_IPA,RETAIL_047,SOLD_TO,0.0,0,,0.99,1,0.0,0.0,0,Demand edge
PROD_IPA,RETAIL_048,SOLD_TO,0.0,0,,0.99,1,0.0,0.0,0,Demand edge
PROD_IPA,RETAIL_049,SOLD_TO,0.0,0,,0.99,1,0.0,0.0,0,Demand edge
PROD_IPA,RETAIL_051,SOLD_TO,0.0,0,,0.99,1,0.0,0.0,0,Demand edge
PROD_IPA,RETAIL_052,SOLD_TO,0.0,0,,0.99,1,0.0,0.0,0,Demand edge
PROD_IPA,RETAIL_053,SOLD_TO,0.0,0,,0.99,1,0.0,0.0,0,Demand edge
PROD_IPA,RETAIL_056,SOLD_TO,0.0,0,,0.99,1,0.0,0.0,0,Demand edge
PROD_IPA,RETAIL_057,SOLD_TO,0.0,0,,0.99,1,0.0,0.0,0,Demand edge
PROD_IPA,RETAIL_058,SOLD_TO,0.0,0,,0.99,1,0.0,0.0,0,Demand edge
PROD_IPA,RETAIL_059,SOLD_TO,0.0,0,,0.99,1,0.0,0.0,0,Demand edge
PROD_IPA,RETAIL_060,SOLD_TO,0.0,0,,0.99,1,0.0,0.0,0,Demand edge
PROD_IPA,RETAIL_061,SOLD_TO,0.0,0,,0.99,1,0.0,0.0,0,Demand edge
PROD_IPA,RETAIL_062,SOLD_TO,0.0,0,,0.99,1,0.0,0.0,0,Demand edge
PROD_IPA,RETAIL_063,SOLD_TO,0.0,0,,0.99,1,0.0,0.0,0,Demand edge
PROD_IPA,RETAIL_064,SOLD_TO,0.0,0,,0.99,1,0.0,0.0,0,Demand edge
PROD_IPA,RETAIL_065,SOLD_TO,0.0,0,,0.99,1,0.0,0.0,0,Demand edge
PROD_IPA,RETAIL_066,SOLD_TO,0.0,0,,0.99,1,0.0,0.0,0,Demand edge
PROD_IPA,RETAIL_067,SOLD_TO,0.0,0,,0.99,1,0.0,0.0,0,Demand edge
PROD_IPA,RETAIL_071,SOLD_TO,0.0,0,,0.99,1,0.0,0.0,0,Demand edge
PROD_IPA,RETAIL_072,SOLD_TO,0.0,0,,0.99,1,0.0,0.0,0,Demand edge
PROD_IPA,RETAIL_073,SOLD_TO,0.0,0,,0.99,1,0.0,0.0,0,Demand edge
PROD_IPA,RETAIL_075,SOLD_TO,0.0,0,,0.99,1,0.0,0.0,0,Demand edge
PROD_IPA,RETAIL_076,SOLD_TO,0.0,0,,0.99,1,0.0,0.0,0,Demand edge
PROD_IPA,RETAIL_077,SOLD_TO,0.0,0,,0.99,1,0.0,0.0,0,Demand edge
PROD_IPA,RETAIL_078,SOLD_TO,0.0,0,,0.99,1,0.0,0.0,0,Demand edge
PROD_IPA,RETAIL_079,SOLD_TO,0.0,0,,0.99,1,0.0,0.0,0,Demand edge
PROD_IPA,RETAIL_080,SOLD_TO,0.0,0,,0.99,1,0.0,0.0,0,Demand edge
PROD_WHEAT,RETAIL_001,SOLD_TO,0.0,0,,0.99,1,0.0,0.0,0,Demand edge
PROD_WHEAT,RETAIL_002,SOLD_TO,0.0,0,,0.99,1,0.0,0.0,0,Demand edge
PROD_WHEAT,RETAIL_004,SOLD_TO,0.0,0,,0.99,1,0.0,0.0,0,Demand edge
PROD_WHEAT,RETAIL_008,SOLD_TO,0.0,0,,0.99,1,0.0,0.0,0,Demand edge
PROD_WHEAT,RETAIL_009,SOLD_TO,0.0,0,,0.99,1,0.0,0.0,0,Demand edge
PROD_WHEAT,RETAIL_010,SOLD_TO,0.0,0,,0.99,1,0.0,0.0,0,Demand edge
PROD_WHEAT,RETAIL_013,SOLD_TO,0.0,0,,0.99,1,0.0,0.0,0,Demand edge
PROD_WHEAT,RETAIL_017,SOLD_TO,0.0,0,,0.99,1,0.0,0.0,0,Demand edge
PROD_WHEAT,RETAIL_018,SOLD_TO,0.0,0,,0.99,1,0.0,0.0,0,Demand edge
PROD_WHEAT,RETAIL_021,SOLD_TO,0.0,0,,0.99,1,0.0,0.0,0,Demand edge
PROD_WHEAT,RETAIL_022,SOLD_TO,0.0,0,,0.99,1,0.0,0.0,0,Demand edge
PROD_WHEAT,RETAIL_023,SOLD_TO,0.0,0,,0.99,1,0.0,0.0,0,Demand edge
PROD_WHEAT,RETAIL_024,SOLD_TO,0.0,0,,0.99,1,0.0,0.0,0,Demand edge
PROD_WHEAT,RETAIL_025,SOLD_TO,0.0,0,,0.99,1,0.0,0.0,0,Demand edge
PROD_WHEAT,RETAIL_026,SOLD_TO,0.0,0,,0.99,1,0.0,0.0,0,Demand edge
PROD_WHEAT,RETAIL_027,SOLD_TO,0.0,0,,0.99,1,0.0,0.0,0,Demand edge
PROD_WHEAT,RETAIL_028,SOLD_TO,0.0,0,,0.99,1,0.0,0.0,0,Demand edge
PROD_WHEAT,RETAIL_030,SOLD_TO,0.0,0,,0.99,1,0.0,0.0,0,Demand edge
PROD_WHEAT,RETAIL_031,SOLD_TO,0.0,0,,0.99,1,0.0,0.0,0,Demand edge
PROD_WHEAT,RETAIL_032,SOLD_TO,0.0,0,,0.99,1,0.0,0.0,0,Demand edge
PROD_WHEAT,RETAIL_033,SOLD_TO,0.0,0,,0.99,1,0.0,0.0,0,Demand edge
PROD_WHEAT,RETAIL_034,SOLD_TO,0.0,0,,0.99,1,0.0,0.0,0,Demand edge
PROD_WHEAT,RETAIL_035,SOLD_TO,0.0,0,,0.99,1,0.0,0.0,0,Demand edge
PROD_WHEAT,RETAIL_036,SOLD_TO,0.0,0,,0.99,1,0.0,0.0,0,Demand edge
PROD_WHEAT,RETAIL_039,SOLD_TO,0.0,0,,0.99,1,0.0,0.0,0,Demand edge
PROD_WHEAT,RETAIL_040,SOLD_TO,0.0,0,,0.99,1,0.0,0.0,0,Demand edge
PROD_WHEAT,RETAIL_041,SOLD_TO,0.0,0,,0.99,1,0.0,0.0,0,Demand edge
PROD_WHEAT,RETAIL_042,SOLD_TO,0.0,0,,0.99,1,0.0,0.0,0,Demand edge
PROD_WHEAT,RETAIL_044,SOLD_TO,0.0,0,,0.99,1,0.0,0.0,0,Demand edge
PROD_WHEAT,RETAIL_045,SOLD_TO,0.0,0,,0.99,1,0.0,0.0,0,Demand edge
PROD_WHEAT,RETAIL_046,SOLD_TO,0.0,0,,0.99,1,0.0,0.0,0,Demand edge
PROD_WHEAT,RETAIL_049,SOLD_TO,0.0,0,,0.99,1,0.0,0.0,0,Demand edge
PROD_WHEAT,RETAIL_051,SOLD_TO,0.0,0,,0.99,1,0.0,0.0,0,Demand edge
PROD_WHEAT,RETAIL_052,SOLD_TO,0.0,0,,0.99,1,0.0,0.0,0,Demand edge
PROD_WHEAT,RETAIL_054,SOLD_TO,0.0,0,,0.99,1,0.0,0.0,0,Demand edge
PROD_WHEAT,RETAIL_055,SOLD_TO,0.0,0,,0.99,1,0.0,0.0,0,Demand edge
PROD_WHEAT,RETAIL_056,SOLD_TO,0.0,0,,0.99,1,0.0,0.0,0,Demand edge
PROD_WHEAT,RETAIL_057,SOLD_TO,0.0,0,,0.99,1,0.0,0.0,0,Demand edge
PROD_WHEAT,RETAIL_058,SOLD_TO,0.0,0,,0.99,1,0.0,0.0,0,Demand edge
PROD_WHEAT,RETAIL_063,SOLD_TO,0.0,0,,0.99,1,0.0,0.0,0,Demand edge
PROD_WHEAT,RETAIL_064,SOLD_TO,0.0,0,,0.99,1,0.0,0.0,0,Demand edge
PROD_WHEAT,RETAIL_065,SOLD_TO,0.0,0,,0.99,1,0.0,0.0,0,Demand edge
PROD_WHEAT,RETAIL_066,SOLD_TO,0.0,0,,0.99,1,0.0,0.0,0,Demand edge
PROD_WHEAT,RETAIL_069,SOLD_TO,0.0,0,,0.99,1,0.0,0.0,0,Demand edge
PROD_WHEAT,RETAIL_072,SOLD_TO,0.0,0,,0.99,1,0.0,0.0,0,Demand edge
PROD_WHEAT,RETAIL_073,SOLD_TO,0.0,0,,0.99,1,0.0,0.0,0,Demand edge
PROD_WHEAT,RETAIL_074,SOLD_TO,0.0,0,,0.99,1,0.0,0.0,0,Demand edge
PROD_WHEAT,RETAIL_076,SOLD_TO,0.0,0,,0.99,1,0.0,0.0,0,Demand edge
PROD_WHEAT,RETAIL_079,SOLD_TO,0.0,0,,0.99,1,0.0,0.0,0,Demand edge
PROD_WHEAT,RETAIL_080,SOLD_TO,0.0,0,,0.99,1,0.0,0.0,0,Demand edge
PROD_FRUIT_SOUR,RETAIL_001,SOLD_TO,0.0,0,,0.99,1,0.0,0.0,0,Demand edge
PROD_FRUIT_SOUR,RETAIL_002,SOLD_TO,0.0,0,,0.99,1,0.0,0.0,0,Demand edge
PROD_FRUIT_SOUR,RETAIL_003,SOLD_TO,0.0,0,,0.99,1,0.0,0.0,0,Demand edge
PROD_FRUIT_SOUR,RETAIL_004,SOLD_TO,0.0,0,,0.99,1,0.0,0.0,0,Demand edge
PROD_FRUIT_SOUR,RETAIL_006,SOLD_TO,0.0,0,,0.99,1,0.0,0.0,0,Demand edge
PROD_FRUIT_SOUR,RETAIL_008,SOLD_TO,0.0,0,,0.99,1,0.0,0.0,0,Demand edge
PROD_FRUIT_SOUR,RETAIL_010,SOLD_TO,0.0,0,,0.99,1,0.0,0.0,0,Demand edge
PROD_FRUIT_SOUR,RETAIL_012,SOLD_TO,0.0,0,,0.99,1,0.0,0.0,0,Demand edge
PROD_FRUIT_SOUR,RETAIL_014,SOLD_TO,0.0,0,,0.99,1,0.0,0.0,0,Demand edge
PROD_FRUIT_SOUR,RETAIL_017,SOLD_TO,0.0,0,,0.99,1,0.0,0.0,0,Demand edge
PROD_FRUIT_SOUR,RETAIL_018,SOLD_TO,0.0,0,,0.99,1,0.0,0.0,0,Demand edge
PROD_FRUIT_SOUR,RETAIL_019,SOLD_TO,0.0,0,,0.99,1,0.0,0.0,0,Demand edge
PROD_FRUIT_SOUR,RETAIL_020,SOLD_TO,0.0,0,,0.99,1,0.0,0.0,0,Demand edge
PROD_FRUIT_SOUR,RETAIL_021,SOLD_TO,0.0,0,,0.99,1,0.0,0.0,0,Demand edge
PROD_FRUIT_SOUR,RETAIL_023,SOLD_TO,0.0,0,,0.99,1,0.0,0.0,0,Demand edge
PROD_FRUIT_SOUR,RETAIL_025,SOLD_TO,0.0,0,,0.99,1,0.0,0.0,0,Demand edge
PROD_FRUIT_SOUR,RETAIL_026,SOLD_TO,0.0,0,,0.99,1,0.0,0.0,0,Demand edge
PROD_FRUIT_SOUR,RETAIL_027,SOLD_TO,0.0,0,,0.99,1,0.0,0.0,0,Demand edge
PROD_FRUIT_SOUR,RETAIL_030,SOLD_TO,0.0,0,,0.99,1,0.0,0.0,0,Demand edge
PROD_FRUIT_SOUR,RETAIL_031,SOLD_TO,0.0,0,,0.99,1,0.0,0.0,0,Demand edge
PROD_FRUIT_SOUR,RETAIL_033,SOLD_TO,0.0,0,,0.99,1,0.0,0.0,0,Demand edge
PROD_FRUIT_SOUR,RETAIL_034,SOLD_TO,0.0,0,,0.99,1,0.0,0.0,0,Demand edge
PROD_FRUIT_SOUR,RETAIL_035,SOLD_TO,0.0,0,,0.99,1,0.0,0.0,0,Demand edge
PROD_FRUIT_SOUR,RETAIL_036,SOLD_TO,0.0,0,,0.99,1,0.0,0.0,0,Demand edge
PROD_FRUIT_SOUR,RETAIL_037,SOLD_TO,0.0,0,,0.99,1,0.0,0.0,0,Demand edge
PROD_FRUIT_SOUR,RETAIL_038,SOLD_TO,0.0,0,,0.99,1,0.0,0.0,0,Demand edge
PROD_FRUIT_SOUR,RETAIL_040,SOLD_TO,0.0,0,,0.99,1,0.0,0.0,0,Demand edge
PROD_FRUIT_SOUR,RETAIL_043,SOLD_TO,0.0,0,,0.99,1,0.0,0.0,0,Demand edge
PROD_FRUIT_SOUR,RETAIL_044,SOLD_TO,0.0,0,,0.99,1,0.0,0.0,0,Demand edge
PROD_FRUIT_SOUR,RETAIL_049,SOLD_TO,0.0,0,,0.99,1,0.0,0.0,0,Demand edge
PROD_FRUIT_SOUR,RETAIL_051,SOLD_TO,0.0,0,,0.99,1,0.0,0.0,0,Demand edge
PROD_FRUIT_SOUR,RETAIL_053,SOLD_TO,0.0,0,,0.99,1,0.0,0.0,0,Demand edge
PROD_FRUIT_SOUR,RETAIL_054,SOLD_TO,0.0,0,,0.99,1,0.0,0.0,0,Demand edge
PROD_FRUIT_SOUR,RETAIL_055,SOLD_TO,0.0,0,,0.99,1,0.0,0.0,0,Demand edge
PROD_FRUIT_SOUR,RETAIL_057,SOLD_TO,0.0,0,,0.99,1,0.0,0.0,0,Demand edge
PROD_FRUIT_SOUR,RETAIL_058,SOLD_TO,0.0,0,,0.99,1,0.0,0.0,0,Demand edge
PROD_FRUIT_SOUR,RETAIL_060,SOLD_TO,0.0,0,,0.99,1,0.0,0.0,0,Demand edge
PROD_FRUIT_SOUR,RETAIL_061,SOLD_TO,0.0,0,,0.99,1,0.0,0.0,0,Demand edge
PROD_FRUIT_SOUR,RETAIL_063,SOLD_TO,0.0,0,,0.99,1,0.0,0.0,0,Demand edge
PROD_FRUIT_SOUR,RETAIL_064,SOLD_TO,0.0,0,,0.99,1,0.0,0.0,0,Demand edge
PROD_FRUIT_SOUR,RETAIL_066,SOLD_TO,0.0,0,,0.99,1,0.0,0.0,0,Demand edge
PROD_FRUIT_SOUR,RETAIL_068,SOLD_TO,0.0,0,,0.99,1,0.0,0.0,0,Demand edge
PROD_FRUIT_SOUR,RETAIL_069,SOLD_TO,0.0,0,,0.99,1,0.0,0.0,0,Demand edge
PROD_FRUIT_SOUR,RETAIL_070,SOLD_TO,0.0,0,,0.99,1,0.0,0.0,0,Demand edge
PROD_FRUIT_SOUR,RETAIL_072,SOLD_TO,0.0,0,,0.99,1,0.0,0.0,0,Demand edge
PROD_FRUIT_SOUR,RETAIL_073,SOLD_TO,0.0,0,,0.99,1,0.0,0.0,0,Demand edge
PROD_FRUIT_SOUR,RETAIL_074,SOLD_TO,0.0,0,,0.99,1,0.0,0.0,0,Demand edge
PROD_FRUIT_SOUR,RETAIL_075,SOLD_TO,0.0,0,,0.99,1,0.0,0.0,0,Demand edge
PROD_FRUIT_SOUR,RETAIL_076,SOLD_TO,0.0,0,,0.99,1,0.0,0.0,0,Demand edge
PROD_FRUIT_SOUR,RETAIL_078,SOLD_TO,0.0,0,,0.99,1,0.0,0.0,0,Demand edge
PROD_FRUIT_SOUR,RETAIL_079,SOLD_TO,0.0,0,,0.99,1,0.0,0.0,0,Demand edge
PROD_ORANGE_WIT,RETAIL_001,SOLD_TO,0.0,0,,0.99,1,0.0,0.0,0,Demand edge
PROD_ORANGE_WIT,RETAIL_002,SOLD_TO,0.0,0,,0.99,1,0.0,0.0,0,Demand edge
PROD_ORANGE_WIT,RETAIL_005,SOLD_TO,0.0,0,,0.99,1,0.0,0.0,0,Demand edge
PROD_ORANGE_WIT,RETAIL_006,SOLD_TO,0.0,0,,0.99,1,0.0,0.0,0,Demand edge
PROD_ORANGE_WIT,RETAIL_008,SOLD_TO,0.0,0,,0.99,1,0.0,0.0,0,Demand edge
PROD_ORANGE_WIT,RETAIL_009,SOLD_TO,0.0,0,,0.99,1,0.0,0.0,0,Demand edge
PROD_ORANGE_WIT,RETAIL_010,SOLD_TO,0.0,0,,0.99,1,0.0,0.0,0,Demand edge
PROD_ORANGE_WIT,RETAIL_012,SOLD_TO,0.0,0,,0.99,1,0.0,0.0,0,Demand edge
PROD_ORANGE_WIT,RETAIL_015,SOLD_TO,0.0,0,,0.99,1,0.0,0.0,0,Demand edge
PROD_ORANGE_WIT,RETAIL_016,SOLD_TO,0.0,0,,0.99,1,0.0,0.0,0,Demand edge
PROD_ORANGE_WIT,RETAIL_017,SOLD_TO,0.0,0,,0.99,1,0.0,0.0,0,Demand edge
PROD_ORANGE_WIT,RETAIL_018,SOLD_TO,0.0,0,,0.99,1,0.0,0.0,0,Demand edge
PROD_ORANGE_WIT,RETAIL_019,SOLD_TO,0.0,0,,0.99,1,0.0,0.0,0,Demand edge
PROD_ORANGE_WIT,RETAIL_020,SOLD_TO,0.0,0,,0.99,1,0.0,0.0,0,Demand edge
PROD_ORANGE_WIT,RETAIL_021,SOLD_TO,0.0,0,,0.99,1,0.0,0.0,0,Demand edge
PROD_ORANGE_WIT,RETAIL_022,SOLD_TO,0.0,0,,0.99,1,0.0,0.0,0,Demand edge
PROD_ORANGE_WIT,RETAIL_024,SOLD_TO,0.0,0,,0.99,1,0.0,0.0,0,Demand edge
PROD_ORANGE_WIT,RETAIL_025,SOLD_TO,0.0,0,,0.99,1,0.0,0.0,0,Demand edge
PROD_ORANGE_WIT,RETAIL_031,SOLD_TO,0.0,0,,0.99,1,0.0,0.0,0,Demand edge
PROD_ORANGE_WIT,RETAIL_033,SOLD_TO,0.0,0,,0.99,1,0.0,0.0,0,Demand edge
PROD_ORANGE_WIT,RETAIL_034,SOLD_TO,0.0,0,,0.99,1,0.0,0.0,0,Demand edge
PROD_ORANGE_WIT,RETAIL_035,SOLD_TO,0.0,0,,0.99,1,0.0,0.0,0,Demand edge
PROD_ORANGE_WIT,RETAIL_039,SOLD_TO,0.0,0,,0.99,1,0.0,0.0,0,Demand edge
PROD_ORANGE_WIT,RETAIL_041,SOLD_TO,0.0,0,,0.99,1,0.0,0.0,0,Demand edge
PROD_ORANGE_WIT,RETAIL_042,SOLD_TO,0.0,0,,0.99,1,0.0,0.0,0,Demand edge
PROD_ORANGE_WIT,RETAIL_045,SOLD_TO,0.0,0,,0.99,1,0.0,0.0,0,Demand edge
PROD_ORANGE_WIT,RETAIL_046,SOLD_TO,0.0,0,,0.99,1,0.0,0.0,0,Demand edge
PROD_ORANGE_WIT,RETAIL_047,SOLD_TO,0.0,0,,0.99,1,0.0,0.0,0,Demand edge
PROD_ORANGE_WIT,RETAIL_048,SOLD_TO,0.0,0,,0.99,1,0.0,0.0,0,Demand edge
PROD_ORANGE_WIT,RETAIL_051,SOLD_TO,0.0,0,,0.99,1,0.0,0.0,0,Demand edge
PROD_ORANGE_WIT,RETAIL_052,SOLD_TO,0.0,0,,0.99,1,0.0,0.0,0,Demand edge
PROD_ORANGE_WIT,RETAIL_053,SOLD_TO,0.0,0,,0.99,1,0.0,0.0,0,Demand edge
PROD_ORANGE_WIT,RETAIL_056,SOLD_TO,0.0,0,,0.99,1,0.0,0.0,0,Demand edge
PROD_ORANGE_WIT,RETAIL_057,SOLD_TO,0.0,0,,0.99,1,0.0,0.0,0,Demand edge
PROD_ORANGE_WIT,RETAIL_058,SOLD_TO,0.0,0,,0.99,1,0.0,0.0,0,Demand edge
PROD_ORANGE_WIT,RETAIL_059,SOLD_TO,0.0,0,,0.99,1,0.0,0.0,0,Demand edge
PROD_ORANGE_WIT,RETAIL_060,SOLD_TO,0.0,0,,0.99,1,0.0,0.0,0,Demand edge
PROD_ORANGE_WIT,RETAIL_061,SOLD_TO,0.0,0,,0.99,1,0.0,0.0,0,Demand edge
PROD_ORANGE_WIT,RETAIL_062,SOLD_TO,0.0,0,,0.99,1,0.0,0.0,0,Demand edge
PROD_ORANGE_WIT,RETAIL_064,SOLD_TO,0.0,0,,0.99,1,0.0,0.0,0,Demand edge
PROD_ORANGE_WIT,RETAIL_067,SOLD_TO,0.0,0,,0.99,1,0.0,0.0,0,Demand edge
PROD_ORANGE_WIT,RETAIL_068,SOLD_TO,0.0,0,,0.99,1,0.0,0.0,0,Demand edge
PROD_ORANGE_WIT,RETAIL_071,SOLD_TO,0.0,0,,0.99,1,0.0,0.0,0,Demand edge
PROD_ORANGE_WIT,RETAIL_073,SOLD_TO,0.0,0,,0.99,1,0.0,0.0,0,Demand edge
PROD_ORANGE_WIT,RETAIL_076,SOLD_TO,0.0,0,,0.99,1,0.0,0.0,0,Demand edge
PROD_ORANGE_WIT,RETAIL_077,SOLD_TO,0.0,0,,0.99,1,0.0,0.0,0,Demand edge
PROD_ORANGE_WIT,RETAIL_078,SOLD_TO,0.0,0,,0.99,1,0.0,0.0,0,Demand edge
PROD_STOUT,RETAIL_001,SOLD_TO,0.0,0,,0.99,1,0.0,0.0,0,Demand edge
PROD_STOUT,RETAIL_002,SOLD_TO,0.0,0,,0.99,1,0.0,0.0,0,Demand edge
PROD_STOUT,RETAIL_003,SOLD_TO,0.0,0,,0.99,1,0.0,0.0,0,Demand edge
PROD_STOUT,RETAIL_004,SOLD_TO,0.0,0,,0.99,1,0.0,0.0,0,Demand edge
PROD_STOUT,RETAIL_005,SOLD_TO,0.0,0,,0.99,1,0.0,0.0,0,Demand edge
PROD_STOUT,RETAIL_007,SOLD_TO,0.0,0,,0.99,1,0.0,0.0,0,Demand edge
PROD_STOUT,RETAIL_008,SOLD_TO,0.0,0,,0.99,1,0.0,0.0,0,Demand edge
PROD_STOUT,RETAIL_012,SOLD_TO,0.0,0,,0.99,1,0.0,0.0,0,Demand edge
PROD_STOUT,RETAIL_015,SOLD_TO,0.0,0,,0.99,1,0.0,0.0,0,Demand edge
PROD_STOUT,RETAIL_016,SOLD_TO,0.0,0,,0.99,1,0.0,0.0,0,Demand edge
PROD_STOUT,RETAIL_017,SOLD_TO,0.0,0,,0.99,1,0.0,0.0,0,Demand edge
PROD_STOUT,RETAIL_018,SOLD_TO,0.0,0,,0.99,1,0.0,0.0,0,Demand edge
PROD_STOUT,RETAIL_020,SOLD_TO,0.0,0,,0.99,1,0.0,0.0,0,Demand edge
PROD_STOUT,RETAIL_021,SOLD_TO,0.0,0,,0.99,1,0.0,0.0,0,Demand edge
PROD_STOUT,RETAIL_024,SOLD_TO,0.0,0,,0.99,1,0.0,0.0,0,Demand edge
PROD_STOUT,RETAIL_025,SOLD_TO,0.0,0,,0.99,1,0.0,0.0,0,Demand edge
PROD_STOUT,RETAIL_026,SOLD_TO,0.0,0,,0.99,1,0.0,0.0,0,Demand edge
PROD_STOUT,RETAIL_028,SOLD_TO,0.0,0,,0.99,1,0.0,0.0,0,Demand edge
PROD_STOUT,RETAIL_031,SOLD_TO,0.0,0,,0.99,1,0.0,0.0,0,Demand edge
PROD_STOUT,RETAIL_032,SOLD_TO,0.0,0,,0.99,1,0.0,0.0,0,Demand edge
PROD_STOUT,RETAIL_033,SOLD_TO,0.0,0,,0.99,1,0.0,0.0,0,Demand edge
PROD_STOUT,RETAIL_034,SOLD_TO,0.0,0,,0.99,1,0.0,0.0,0,Demand edge
PROD_STOUT,RETAIL_035,SOLD_TO,0.0,0,,0.99,1,0.0,0.0,0,Demand edge
PROD_STOUT,RETAIL_036,SOLD_TO,0.0,0,,0.99,1,0.0,0.0,0,Demand edge
PROD_STOUT,RETAIL_037,SOLD_TO,0.0,0,,0.99,1,0.0,0.0,0,Demand edge
PROD_STOUT,RETAIL_038,SOLD_TO,0.0,0,,0.99,1,0.0,0.0,0,Demand edge
PROD_STOUT,RETAIL_040,SOLD_TO,0.0,0,,0.99,1,0.0,0.0,0,Demand edge
PROD_STOUT,RETAIL_041,SOLD_TO,0.0,0,,0.99,1,0.0,0.0,0,Demand edge
PROD_STOUT,RETAIL_042,SOLD_TO,0.0,0,,0.99,1,0.0,0.0,0,Demand edge
PROD_STOUT,RETAIL_043,SOLD_TO,0.0,0,,0.99,1,0.0,0.0,0,Demand edge
PROD_STOUT,RETAIL_046,SOLD_TO,0.0,0,,0.99,1,0.0,0.0,0,Demand edge
PROD_STOUT,RETAIL_049,SOLD_TO,0.0,0,,0.99,1,0.0,0.0,0,Demand edge
PROD_STOUT,RETAIL_050,SOLD_TO,0.0,0,,0.99,1,0.0,0.0,0,Demand edge
PROD_STOUT,RETAIL_051,SOLD_TO,0.0,0,,0.99,1,0.0,0.0,0,Demand edge
PROD_STOUT,RETAIL_052,SOLD_TO,0.0,0,,0.99,1,0.0,0.0,0,Demand edge
PROD_STOUT,RETAIL_053,SOLD_TO,0.0,0,,0.99,1,0.0,0.0,0,Demand edge
PROD_STOUT,RETAIL_056,SOLD_TO,0.0,0,,0.99,1,0.0,0.0,0,Demand edge
PROD_STOUT,RETAIL_060,SOLD_TO,0.0,0,,0.99,1,0.0,0.0,0,Demand edge
PROD_STOUT,RETAIL_066,SOLD_TO,0.0,0,,0.99,1,0.0,0.0,0,Demand edge
PROD_STOUT,RETAIL_069,SOLD_TO,0.0,0,,0.99,1,0.0,0.0,0,Demand edge
PROD_STOUT,RETAIL_071,SOLD_TO,0.0,0,,0.99,1,0.0,0.0,0,Demand edge
PROD_STOUT,RETAIL_074,SOLD_TO,0.0,0,,0.99,1,0.0,0.0,0,Demand edge
PROD_STOUT,RETAIL_077,SOLD_TO,0.0,0,,0.99,1,0.0,0.0,0,Demand edge
PROD_STOUT,RETAIL_078,SOLD_TO,0.0,0,,0.99,1,0.0,0.0,0,Demand edge
PROD_STOUT,RETAIL_080,SOLD_TO,0.0,0,,0.99,1,0.0,0.0,0,Demand edge
PROD_SESSION_IPA,RETAIL_001,SOLD_TO,0.0,0,,0.99,1,0.0,0.0,0,Demand edge
PROD_SESSION_IPA,RETAIL_008,SOLD_TO,0.0,0,,0.99,1,0.0,0.0,0,Demand edge
PROD_SESSION_IPA,RETAIL_009,SOLD_TO,0.0,0,,0.99,1,0.0,0.0,0,Demand edge
PROD_SESSION_IPA,RETAIL_012,SOLD_TO,0.0,0,,0.99,1,0.0,0.0,0,Demand edge
PROD_SESSION_IPA,RETAIL_013,SOLD_TO,0.0,0,,0.99,1,0.0,0.0,0,Demand edge
PROD_SESSION_IPA,RETAIL_014,SOLD_TO,0.0,0,,0.99,1,0.0,0.0,0,Demand edge
PROD_SESSION_IPA,RETAIL_015,SOLD_TO,0.0,0,,0.99,1,0.0,0.0,0,Demand edge
PROD_SESSION_IPA,RETAIL_020,SOLD_TO,0.0,0,,0.99,1,0.0,0.0,0,Demand edge
PROD_SESSION_IPA,RETAIL_021,SOLD_TO,0.0,0,,0.99,1,0.0,0.0,0,Demand edge
PROD_SESSION_IPA,RETAIL_022,SOLD_TO,0.0,0,,0.99,1,0.0,0.0,0,Demand edge
PROD_SESSION_IPA,RETAIL_023,SOLD_TO,0.0,0,,0.99,1,0.0,0.0,0,Demand edge
PROD_SESSION_IPA,RETAIL_025,SOLD_TO,0.0,0,,0.99,1,0.0,0.0,0,Demand edge
PROD_SESSION_IPA,RETAIL_026,SOLD_TO,0.0,0,,0.99,1,0.0,0.0,0,Demand edge
PROD_SESSION_IPA,RETAIL_027,SOLD_TO,0.0,0,,0.99,1,0.0,0.0,0,Demand edge
PROD_SESSION_IPA,RETAIL_028,SOLD_TO,0.0,0,,0.99,1,0.0,0.0,0,Demand edge
PROD_SESSION_IPA,RETAIL_029,SOLD_TO,0.0,0,,0.99,1,0.0,0.0,0,Demand edge
PROD_SESSION_IPA,RETAIL_030,SOLD_TO,0.0,0,,0.99,1,0.0,0.0,0,Demand edge
PROD_SESSION_IPA,RETAIL_032,SOLD_TO,0.0,0,,0.99,1,0.0,0.0,0,Demand edge
PROD_SESSION_IPA,RETAIL_034,SOLD_TO,0.0,0,,0.99,1,0.0,0.0,0,Demand edge
PROD_SESSION_IPA,RETAIL_038,SOLD_TO,0.0,0,,0.99,1,0.0,0.0,0,Demand edge
PROD_SESSION_IPA,RETAIL_039,SOLD_TO,0.0,0,,0.99,1,0.0,0.0,0,Demand edge
PROD_SESSION_IPA,RETAIL_041,SOLD_TO,0.0,0,,0.99,1,0.0,0.0,0,Demand edge
PROD_SESSION_IPA,RETAIL_042,SOLD_TO,0.0,0,,0.99,1,0.0,0.0,0,Demand edge
PROD_SESSION_IPA,RETAIL_044,SOLD_TO,0.0,0,,0.99,1,0.0,0.0,0,Demand edge
PROD_SESSION_IPA,RETAIL_045,SOLD_TO,0.0,0,,0.99,1,0.0,0.0,0,Demand edge
PROD_SESSION_IPA,RETAIL_048,SOLD_TO,0.0,0,,0.99,1,0.0,0.0,0,Demand edge
PROD_SESSION_IPA,RETAIL_049,SOLD_TO,0.0,0,,0.99,1,0.0,0.0,0,Demand edge
PROD_SESSION_IPA,RETAIL_050,SOLD_TO,0.0,0,,0.99,1,0.0,0.0,0,Demand edge
PROD_SESSION_IPA,RETAIL_053,SOLD_TO,0.0,0,,0.99,1,0.0,0.0,0,Demand edge
PROD_SESSION_IPA,RETAIL_055,SOLD_TO,0.0,0,,0.99,1,0.0,0.0,0,Demand edge
PROD_SESSION_IPA,RETAIL_056,SOLD_TO,0.0,0,,0.99,1,0.0,0.0,0,Demand edge
PROD_SESSION_IPA,RETAIL_058,SOLD_TO,0.0,0,,0.99,1,0.0,0.0,0,Demand edge
PROD_SESSION_IPA,RETAIL_059,SOLD_TO,0.0,0,,0.99,1,0.0,0.0,0,Demand edge
PROD_SESSION_IPA,RETAIL_060,SOLD_TO,0.0,0,,0.99,1,0.0,0.0,0,Demand edge
PROD_SESSION_IPA,RETAIL_062,SOLD_TO,0.0,0,,0.99,1,0.0,0.0,0,Demand edge
PROD_SESSION_IPA,RETAIL_063,SOLD_TO,0.0,0,,0.99,1,0.0,0.0,0,Demand edge
PROD_SESSION_IPA,RETAIL_064,SOLD_TO,0.0,0,,0.99,1,0.0,0.0,0,Demand edge
PROD_SESSION_IPA,RETAIL_065,SOLD_TO,0.0,0,,0.99,1,0.0,0.0,0,Demand edge
PROD_SESSION_IPA,RETAIL_066,SOLD_TO,0.0,0,,0.99,1,0.0,0.0,0,Demand edge
PROD_SESSION_IPA,RETAIL_067,SOLD_TO,0.0,0,,0.99,1,0.0,0.0,0,Demand edge
PROD_SESSION_IPA,RETAIL_068,SOLD_TO,0.0,0,,0.99,1,0.0,0.0,0,Demand edge
PROD_SESSION_IPA,RETAIL_070,SOLD_TO,0.0,0,,0.99,1,0.0,0.0,0,Demand edge
PROD_SESSION_IPA,RETAIL_072,SOLD_TO,0.0,0,,0.99,1,0.0,0.0,0,Demand edge
PROD_SESSION_IPA,RETAIL_075,SOLD_TO,0.0,0,,0.99,1,0.0,0.0,0,Demand edge
PROD_SESSION_IPA,RETAIL_076,SOLD_TO,0.0,0,,0.99,1,0.0,0.0,0,Demand edge
PROD_SESSION_IPA,RETAIL_078,SOLD_TO,0.0,0,,0.99,1,0.0,0.0,0,Demand edge
PROD_SESSION_IPA,RETAIL_079,SOLD_TO,0.0,0,,0.99,1,0.0,0.0,0,Demand edge
PROD_SODA_WATER,RETAIL_005,SOLD_TO,0.0,0,,0.99,1,0.0,0.0,0,Demand edge
PROD_SODA_WATER,RETAIL_008,SOLD_TO,0.0,0,,0.99,1,0.0,0.0,0,Demand edge
PROD_SODA_WATER,RETAIL_009,SOLD_TO,0.0,0,,0.99,1,0.0,0.0,0,Demand edge
PROD_SODA_WATER,RETAIL_011,SOLD_TO,0.0,0,,0.99,1,0.0,0.0,0,Demand edge
PROD_SODA_WATER,RETAIL_012,SOLD_TO,0.0,0,,0.99,1,0.0,0.0,0,Demand edge
PROD_SODA_WATER,RETAIL_013,SOLD_TO,0.0,0,,0.99,1,0.0,0.0,0,Demand edge
PROD_SODA_WATER,RETAIL_015,SOLD_TO,0.0,0,,0.99,1,0.0,0.0,0,Demand edge
PROD_SODA_WATER,RETAIL_016,SOLD_TO,0.0,0,,0.99,1,0.0,0.0,0,Demand edge
PROD_SODA_WATER,RETAIL_017,SOLD_TO,0.0,0,,0.99,1,0.0,0.0,0,Demand edge
PROD_SODA_WATER,RETAIL_018,SOLD_TO,0.0,0,,0.99,1,0.0,0.0,0,Demand edge
PROD_SODA_WATER,RETAIL_019,SOLD_TO,0.0,0,,0.99,1,0.0,0.0,0,Demand edge
PROD_SODA_WATER,RETAIL_021,SOLD_TO,0.0,0,,0.99,1,0.0,0.0,0,Demand edge
PROD_SODA_WATER,RETAIL_022,SOLD_TO,0.0,0,,0.99,1,0.0,0.0,0,Demand edge
PROD_SODA_WATER,RETAIL_023,SOLD_TO,0.0,0,,0.99,1,0.0,0.0,0,Demand edge
PROD_SODA_WATER,RETAIL_024,SOLD_TO,0.0,0,,0.99,1,0.0,0.0,0,Demand edge
PROD_SODA_WATER,RETAIL_025,SOLD_TO,0.0,0,,0.99,1,0.0,0.0,0,Demand edge
PROD_SODA_WATER,RETAIL_030,SOLD_TO,0.0,0,,0.99,1,0.0,0.0,0,Demand edge
PROD_SODA_WATER,RETAIL_034,SOLD_TO,0.0,0,,0.99,1,0.0,0.0,0,Demand edge
PROD_SODA_WATER,RETAIL_039,SOLD_TO,0.0,0,,0.99,1,0.0,0.0,0,Demand edge
PROD_SODA_WATER,RETAIL_042,SOLD_TO,0.0,0,,0.99,1,0.0,0.0,0,Demand edge
PROD_SODA_WATER,RETAIL_044,SOLD_TO,0.0,0,,0.99,1,0.0,0.0,0,Demand edge
PROD_SODA_WATER,RETAIL_046,SOLD_TO,0.0,0,,0.99,1,0.0,0.0,0,Demand edge
PROD_SODA_WATER,RETAIL_049,SOLD_TO,0.0,0,,0.99,1,0.0,0.0,0,Demand edge
PROD_SODA_WATER,RETAIL_050,SOLD_TO,0.0,0,,0.99,1,0.0,0.0,0,Demand edge
PROD_SODA_WATER,RETAIL_051,SOLD_TO,0.0,0,,0.99,1,0.0,0.0,0,Demand edge
PROD_SODA_WATER,RETAIL_052,SOLD_TO,0.0,0,,0.99,1,0.0,0.0,0,Demand edge
PROD_SODA_WATER,RETAIL_053,SOLD_TO,0.0,0,,0.99,1,0.0,0.0,0,Demand edge
PROD_SODA_WATER,RETAIL_054,SOLD_TO,0.0,0,,0.99,1,0.0,0.0,0,Demand edge
PROD_SODA_WATER,RETAIL_055,SOLD_TO,0.0,0,,0.99,1,0.0,0.0,0,Demand edge
PROD_SODA_WATER,RETAIL_057,SOLD_TO,0.0,0,,0.99,1,0.0,0.0,0,Demand edge
PROD_SODA_WATER,RETAIL_058,SOLD_TO,0.0,0,,0.99,1,0.0,0.0,0,Demand edge
PROD_SODA_WATER,RETAIL_059,SOLD_TO,0.0,0,,0.99,1,0.0,0.0,0,Demand edge
PROD_SODA_WATER,RETAIL_060,SOLD_TO,0.0,0,,0.99,1,0.0,0.0,0,Demand edge
PROD_SODA_WATER,RETAIL_065,SOLD_TO,0.0,0,,0.99,1,0.0,0.0,0,Demand edge
PROD_SODA_WATER,RETAIL_066,SOLD_TO,0.0,0,,0.99,1,0.0,0.0,0,Demand edge
PROD_SODA_WATER,RETAIL_067,SOLD_TO,0.0,0,,0.99,1,0.0,0.0,0,Demand edge
PROD_SODA_WATER,RETAIL_070,SOLD_TO,0.0,0,,0.99,1,0.0,0.0,0,Demand edge
PROD_SODA_WATER,RETAIL_071,SOLD_TO,0.0,0,,0.99,1,0.0,0.0,0,Demand edge
PROD_SODA_WATER,RETAIL_072,SOLD_TO,0.0,0,,0.99,1,0.0,0.0,0,Demand edge
PROD_SODA_WATER,RETAIL_073,SOLD_TO,0.0,0,,0.99,1,0.0,0.0,0,Demand edge
PROD_SODA_WATER,RETAIL_074,SOLD_TO,0.0,0,,0.99,1,0.0,0.0,0,Demand edge
PROD_SODA_WATER,RETAIL_076,SOLD_TO,0.0,0,,0.99,1,0.0,0.0,0,Demand edge
PROD_SODA_WATER,RETAIL_080,SOLD_TO,0.0,0,,0.99,1,0.0,0.0,0,Demand edge
PROD_PILSNER,WH_1,STORED_AT,0.0,0,,0.99,1,0.0,0.0,0,Inventory
PROD_PILSNER,WH_2,STORED_AT,0.0,0,,0.99,1,0.0,0.0,0,Inventory
PROD_PILSNER,WH_3_BK,STORED_AT,0.0,0,,0.95,0,4000.0,0.01,1,BACKUP inventory
PROD_IPA,WH_1,STORED_AT,0.0,0,,0.99,1,0.0,0.0,0,Inventory
PROD_IPA,WH_2,STORED_AT,0.0,0,,0.99,1,0.0,0.0,0,Inventory
PROD_IPA,WH_3_BK,STORED_AT,0.0,0,,0.95,0,4000.0,0.01,1,BACKUP inventory
PROD_WHEAT,WH_1,STORED_AT,0.0,0,,0.99,1,0.0,0.0,0,Inventory
PROD_WHEAT,WH_2,STORED_AT,0.0,0,,0.99,1,0.0,0.0,0,Inventory
PROD_WHEAT,WH_3_BK,STORED_AT,0.0,0,,0.95,0,4000.0,0.01,1,BACKUP inventory
PROD_FRUIT_SOUR,WH_1,STORED_AT,0.0,0,,0.99,1,0.0,0.0,0,Inventory
PROD_FRUIT_SOUR,WH_2,STORED_AT,0.0,0,,0.99,1,0.0,0.0,0,Inventory
PROD_FRUIT_SOUR,WH_3_BK,STORED_AT,0.0,0,,0.95,0,4000.0,0.01,1,BACKUP inventory
PROD_ORANGE_WIT,WH_1,STORED_AT,0.0,0,,0.99,1,0.0,0.0,0,Inventory
PROD_ORANGE_WIT,WH_2,STORED_AT,0.0,0,,0.99,1,0.0,0.0,0,Inventory
PROD_ORANGE_WIT,WH_3_BK,STORED_AT,0.0,0,,0.95,0,4000.0,0.01,1,BACKUP inventory
PROD_STOUT,WH_1,STORED_AT,0.0,0,,0.99,1,0.0,0.0,0,Inventory
PROD_STOUT,WH_2,STORED_AT,0.0,0,,0.99,1,0.0,0.0,0,Inventory
PROD_STOUT,WH_3_BK,STORED_AT,0.0,0,,0.95,0,4000.0,0.01,1,BACKUP inventory
PROD_SESSION_IPA,WH_1,STORED_AT,0.0,0,,0.99,1,0.0,0.0,0,Inventory
PROD_SESSION_IPA,WH_2,STORED_AT,0.0,0,,0.99,1,0.0,0.0,0,Inventory
PROD_SESSION_IPA,WH_3_BK,STORED_AT,0.0,0,,0.95,0,4000.0,0.01,1,BACKUP inventory
PROD_SODA_WATER,WH_1,STORED_AT,0.0,0,,0.99,1,0.0,0.0,0,Inventory
PROD_SODA_WATER,WH_2,STORED_AT,0.0,0,,0.99,1,0.0,0.0,0,Inventory
PROD_SODA_WATER,WH_3_BK,STORED_AT,0.0,0,,0.95,0,4000.0,0.01,1,BACKUP inventory
PKG_LABEL,PORT_2_BK,ROUTES_THROUGH,0.001114,2,,0.925,0,6000.0,0.005,3,BACKUP freight lane (inactive)
PKG_CARTON_24,PORT_2_BK,ROUTES_THROUGH,0.002563,2,,0.959,0,6000.0,0.007,2,BACKUP freight lane (inactive)
PKG_BOTTLE_CAP,PORT_2_BK,ROUTES_THROUGH,0.001925,1,,0.895,0,6000.0,0.018,3,BACKUP freight lane (inactive)
ING_FRUIT_PUREE_MANGO,PORT_2_BK,ROUTES_THROUGH,0.009081,2,,0.943,0,6000.0,0.014,1,BACKUP freight lane (inactive)
ING_FRUIT_PUREE_BERRY,PORT_2_BK,ROUTES_THROUGH,0.002496,2,,0.929,0,6000.0,0.016,2,BACKUP freight lane (inactive)
PKG_CAN_355,PORT_2_BK,ROUTES_THROUGH,0.007214,1,,0.949,0,6000.0,0.011,1,BACKUP freight lane (inactive)
ING_HOPS_CASCADE,PORT_2_BK,ROUTES_THROUGH,0.011817,2,,0.887,0,6000.0,0.006,3,BACKUP freight lane (inactive)
ING_HOPS_CITRA,PORT_2_BK,ROUTES_THROUGH,0.008145,2,,0.963,0,6000.0,0.02,1,BACKUP freight lane (inactive)
PKG_BOTTLE_500,PORT_2_BK,ROUTES_THROUGH,0.007399,2,,0.962,0,6000.0,0.016,2,BACKUP freight lane (inactive)
ING_HOPS_CENTENNIAL,PORT_2_BK,ROUTES_THROUGH,0.00182,2,,0.919,0,6000.0,0.014,1,BACKUP freight lane (inactive)
PLANT_3_BK,PROD_PILSNER,MAKES,0.0,0,,0.96,0,25000.0,0.05,2,BACKUP contract production (inactive)
PLANT_3_BK,PROD_SESSION_IPA,MAKES,0.0,0,,0.96,0,25000.0,0.05,2,BACKUP contract production (inactive)
PLANT_3_BK,PROD_SODA_WATER,MAKES,0.0,0,,0.96,0,25000.0,0.05,2,BACKUP contract production (inactive)
PLANT_3_BK,PROD_WHEAT,MAKES,0.0,0,,0.96,0,25000.0,0.05,2,BACKUP contract production (inactive)
ING_WATER,PLANT_3_BK,DELIVERS_TO,0.044844,4,,0.879,0,8000.0,0.022,3,BACKUP inbound to contract plant (inactive)
ING_BARLEY_MALT,PLANT_3_BK,DELIVERS_TO,0.084016,5,,0.959,0,8000.0,0.006,3,BACKUP inbound to contract plant (inactive)
ING_CO2,PLANT_3_BK,DELIVERS_TO,0.046936,4,,0.864,0,8000.0,0.009,1,BACKUP inbound to contract plant (inactive)
ING_YEAST_LAGER,PLANT_3_BK,DELIVERS_TO,0.023008,3,,0.867,0,8000.0,0.021,1,BACKUP inbound to contract plant (inactive)
ING_HOPS_CASCADE,PLANT_3_BK,DELIVERS_TO,0.065819,4,,0.938,0,8000.0,0.017,1,BACKUP inbound to contract plant (inactive)
ING_YEAST_ALE,PLANT_3_BK,DELIVERS_TO,0.04001,5,,0.94,0,8000.0,0.005,1,BACKUP inbound to contract plant (inactive)
ING_WHEAT_MALT,PLANT_3_BK,DELIVERS_TO,0.049851,1,,0.881,0,8000.0,0.01,2,BACKUP inbound to contract plant (inactive)
PKG_BOTTLE_CAP,PLANT_3_BK,DELIVERS_TO,0.068327,5,,0.912,0,8000.0,0.026,2,BACKUP inbound to contract plant (inactive)
ING_HOPS_CITRA,PLANT_3_BK,DELIVERS_TO,0.044404,5,,0.917,0,8000.0,0.008,2,BACKUP inbound to contract plant (inactive)
PKG_CAN_355,PLANT_3_BK,DELIVERS_TO,0.087664,3,,0.916,0,8000.0,0.029,3,BACKUP inbound to contract plant (inactive)
PKG_LABEL,PLANT_3_BK,DELIVERS_TO,0.049354,2,,0.939,0,8000.0,0.03,2,BACKUP inbound to contract plant (inactive)
PKG_CARTON_24,PLANT_3_BK,DELIVERS_TO,0.033144,1,,0.93,0,8000.0,0.009,3,BACKUP inbound to contract plant (inactive)
PKG_SIX_PACK_CARRIER,PLANT_3_BK,DELIVERS_TO,0.01239,5,,0.939,0,8000.0,0.024,2,BACKUP inbound to contract plant (inactive)
PKG_BOTTLE_500,PLANT_3_BK,DELIVERS_TO,0.074913,3,,0.952,0,8000.0,0.018,1,BACKUP inbound to contract plant (inactive)
PLANT_3_BK,WH_1,SHIPS_TO,0.094018,2,,0.946,0,12000.0,0.024,2,BACKUP FG transfer from contract plant (inactive)
PLANT_3_BK,WH_2,SHIPS_TO,0.07455,1,,0.953,0,12000.0,0.021,2,BACKUP FG transfer from contract plant (inactive)
PLANT_3_BK,WH_3_BK,SHIPS_TO,0.097909,3,,0.961,0,12000.0,0.017,1,BACKUP FG transfer from contract plant (inactive)
